uniq_id,config_cat,config_disconvery_source ,domain_name,domain_full_path,install_date,config_status,discovery_date,config_manufactuer,model_id,config_name,serial_num,config_sub_cat,config_sup_group,config_class_name,asset_identifyer,inf_cat,environment_name,ru_cat,sla_cat,ci_retired_date
999L5658L47715ZI,,Manual Entry,,,9/8/2023,Installed,3/14/2024,,870P4587O85981WK,IWURJD,,,,SNC Component,asset0132,,Development,,,
753X5428S87238OT,Database Management System,SAN Feed,test.com,example.test.com,9/14/2018,Retired,1/24/2024,,531P2158E17372NJ,KAYJAH,,,,VMWare Virtual Machine,asset0564,,,,,
911W8409F99729RT,,ServiceNow,test.com,example.test.com,6/17/2020,Installed,3/4/2024,,433L7615Z82535CP,RLDYAJ,,,,Workstations,asset0053,Compute and OS,Acceptance,,,
510U3021O53852ZE,,AWS,,,1/15/2022,Retired,1/5/2024,,974N7598W36461AR,PTCFMC,,,,Fibre Channel Port,asset0685,AWS,Development,,,
571H7903F53320RS,Database Management System,ServiceNow,,,9/4/2022,Installed,1/21/2024,,242N3661V73006HY,NWIRZC,,,,VMWare Virtual Machine,asset0321,Network,Acceptance,,,
139C9340Q44958IU,,AWS,,,7/30/2022,Installed,2/20/2024,,909H9741T18361JE,QXJTXX,,,,IP Address,asset0158,,Test,,,
190I2967W56779NP,,Manual Entry,,,2/21/2022,Installed,2/5/2024,,281Q4029X77694QL,MGRCDI,,,,IP Address,asset0572,,Contingency,,,
357Z4116O83595OH,Database Management System,Manual Entry,,,5/10/2019,Retired,1/30/2024,,471N9901D33918WZ,ARIADT,,,,VMWare Virtual Machine,asset0467,Compute and OS,Development,,,
282D8195D40485AB,Network-FM,Manual Entry,,,4/29/2023,Installed,3/21/2024,,720O7030S47727ZF,XIDBFK,,,,Cloud Function,asset0522,Network,,,,
143P7234D59885WN,,SAN Feed,,,1/15/2018,Retired,3/23/2024,,283R6906X87063WE,BYCQOD,,,,Fibre Channel Port,asset0072,Other Software,Contingency,,,
215Q9501O69270HK,Network-FM,SAN Feed,,,11/24/2018,Retired,3/10/2024,,335B5014O36881QI,IYUGCD,,,,Cloud Function,asset0037,,Production,,,
695M8788Z97484IL,Network-FM,Manual Entry,,,8/3/2018,Installed,3/25/2024,,610E9682W79257RR,HMZFKT,,,,VMWare Virtual Machine,asset0187,,,,,
916U9078P18173DN,Network-FM,Manual Entry,test.com,example.test.com,5/26/2022,Installed,2/21/2024,,703R4067Y19680EG,HADLIV,,,,Workstations,asset0597,AWS,Development,,,
441Y5912R54393OJ,Network-FM,ServiceNow,,,10/5/2020,Installed,2/3/2024,,466F8760M23159IR,MOLUVA,,,,Network Adapter,asset0846,Application Servers,Contingency,,,
559G3130N11263NU,,ServiceNow,,,10/3/2022,Installed,1/15/2024,,451Y9106A40238FC,RDPNQS,,,,Fibre Channel Port,asset0581,Application Servers,Acceptance,,,
877C4503U92491TX,,SAN Feed,,,6/21/2020,Installed,2/8/2024,,860T7318C91223EU,JDVEVT,,,,Network Adapter,asset0420,AWS,Contingency,,,
732B6551J96503JN,,ServiceNow,,,1/16/2018,Installed,3/21/2024,,714B9903A50804GL,OXWLNJ,,,,VMWare Virtual Machine,asset0794,AWS,Acceptance,,,
410G4939X16476XH,,AWS,,,11/23/2019,Installed,3/8/2024,,747J6697Y35815QX,ZRRNUJ,,,,Network Adapter,asset0648,,Contingency,,,
134K6686D34102JD,,AWS,,,5/16/2019,Installed,2/10/2024,,791S8785D47391BR,TIJLCN,,,,IP Address,asset0974,Compute and OS,Production,,,
994L7976E59461EZ,Network-FM,SAN Feed,,,7/1/2018,Retired,2/8/2024,,568C4372A90779JN,ZKKMWQ,,,,Workstations,asset0528,AWS,,,,
278G3760Y25419KC,,ServiceNow,,,12/25/2018,Installed,1/9/2024,,749Q5996F13926OJ,QAJQRI,,,,Network Adapter,asset0737,AWS,Contingency,,,
790Z2701J95817TI,,Manual Entry,,,2/8/2018,Retired,1/18/2024,,546G1368B56620HC,DHYYAT,,,,IP Address,asset0728,AWS,Test,,,
319K5573M26529XK,Database Management System,SAN Feed,test.com,example.test.com,3/5/2020,Retired,3/10/2024,,332Y4722I46659MG,NSZFGB,,,,Fibre Channel Port,asset0893,Compute and OS,Acceptance,,,
917W2061M77828AD,Harware,ServiceNow,,,3/28/2018,Retired,3/8/2024,,976F4857O78726CV,IRPYNJ,,,,SNC Component,asset0024,Other Software,Development,,,
746P2543K24047FF,Database Management System,ServiceNow,test.com,example.test.com,11/24/2021,Installed,3/11/2024,,983F8416K28645CK,XZHZEN,,,,IP Address,asset0485,Application Servers,Acceptance,,,
112L1469H71523OL,,Manual Entry,test.com,example.test.com,9/14/2023,Installed,3/18/2024,,370L8579J97313XT,HSXUFL,,,,Fibre Channel Port,asset0880,AWS,Test,,,
588L4809T52839TT,,ServiceNow,,,8/8/2018,Installed,1/14/2024,,707Q9927C42764UP,OULHPI,,,,Fibre Channel Port,asset0232,AWS,Acceptance,,,
549W3433B58188BG,Database Management System,AWS,test.com,example.test.com,5/6/2020,Installed,3/27/2024,,774V4615G36395LT,VXRRMS,,,,Network Adapter,asset0288,Compute and OS,Contingency,,,
160O6686K84874WC,,Manual Entry,,,12/20/2021,Installed,3/26/2024,,523K1978L31517UP,NTCFCB,,,,VMWare Virtual Machine,asset0304,AWS,Development,,,
552E9903K78263YL,Database Management System,AWS,,,1/27/2020,Installed,2/8/2024,,594A5126W69842KV,SHRATZ,,,,SNC Component,asset0198,Other Software,Acceptance,,,
193R7454Y82114FL,Harware,SAN Feed,,,6/2/2020,Retired,1/8/2024,,923H9700N32566EE,HKBHPQ,,,,Fibre Channel Port,asset0679,AWS,Development,,,
282J3344L57475GA,Database Management System,ServiceNow,,,10/19/2018,Retired,2/15/2024,,471M2241T78014IN,UOXFSE,,,,Network Adapter,asset0680,Other Software,Contingency,,,
239T1208O61317OE,,AWS,test.com,example.test.com,3/24/2024,Installed,3/15/2024,,543S2738U75373PV,QVKOCA,,,,SNC Component,asset0477,Application Servers,Test,,,
582E2070V95879WO,,Manual Entry,test.com,example.test.com,7/15/2022,Installed,2/20/2024,,322C8170P74842QY,EOOIOJ,,,,Network Adapter,asset0881,Network,,,,
753Y5854M11908KH,Database Management System,Manual Entry,,,2/20/2021,Retired,2/17/2024,,555K7654Z56503UA,PARZGV,,,,IP Address,asset0190,,Development,,,
238K3931Q57050HN,,Manual Entry,,,9/6/2023,Retired,1/21/2024,,482L2625M71685ZS,HKFAOV,,,,Fibre Channel Port,asset0234,Other Software,Contingency,,,
910T9416Z74533UN,Database Management System,Manual Entry,,,7/25/2022,Installed,3/19/2024,,373Z6428Z35174ND,BBBGAN,,,,Workstations,asset0211,AWS,,,,
512U8353I92467IW,,Manual Entry,,,2/17/2021,Installed,3/3/2024,,547R6450I15002VR,AFQYQO,,,,Cloud Function,asset0276,AWS,Contingency,,,
195V9443X93912NA,Network-FM,SAN Feed,test.com,example.test.com,3/24/2024,Installed,3/19/2024,,654G4378G35141NE,MHJIMG,,,,Fibre Channel Port,asset0048,Other Software,Acceptance,,,
277I1962W75547TM,Database Management System,ServiceNow,,,12/25/2021,Installed,1/20/2024,,112D6386W38990ZR,NJZOCH,,,,VMWare Virtual Machine,asset0753,AWS,Production,,,
422G9760L47786IG,,SAN Feed,,,7/22/2023,Installed,2/16/2024,,139H9628K41001RC,EZWKBT,,,,VMWare Virtual Machine,asset0298,Compute and OS,Test,,,
989N6531D87110JE,,ServiceNow,,,10/21/2018,Retired,1/14/2024,,270S1706P94893PV,LYBZCP,,,,Cloud Function,asset0853,Network,Test,,,
411W4193S45447RT,Harware,Manual Entry,,,5/7/2019,Installed,3/6/2024,,151D1244Y14296RK,XTWULK,,,,Fibre Channel Port,asset0024,,Test,,,
132N5922O94146MK,,Manual Entry,test.com,example.test.com,6/13/2023,Installed,2/3/2024,,307H1771I29679LJ,AWWZNU,,,,Workstations,asset0467,Network,Production,,,
876Z5370U60545WH,Database Management System,AWS,,,6/9/2023,Retired,3/15/2024,,585S8652D27168VP,CILMOH,,,,SNC Component,asset0593,AWS,Development,,,
588E8307V41735DW,,ServiceNow,test.com,example.test.com,4/13/2023,Installed,2/13/2024,,358G2193T28575TZ,NPXVAC,,,,VMWare Virtual Machine,asset0060,AWS,Production,,,
125Y8694N79235OG,Harware,Manual Entry,,,12/13/2020,Installed,2/12/2024,,118L8775H51792IS,VRPKRG,,,,Fibre Channel Port,asset0265,Compute and OS,Acceptance,,,
844Z7575U36918WO,,ServiceNow,,,6/26/2023,Retired,1/29/2024,,910T3124M78352OA,PZNLLA,,,,Workstations,asset0351,Compute and OS,,,,
544X5044F22887BZ,Network-FM,AWS,,,11/6/2021,Retired,1/13/2024,,839E7700I45867GX,NNPKDO,,,,VMWare Virtual Machine,asset0859,Compute and OS,Contingency,,,
260L5750N37139ZI,Network-FM,SAN Feed,,,12/26/2018,Installed,2/28/2024,,701C7108R48494AH,FWXDJD,,,,Cloud Function,asset0226,Other Software,Acceptance,,,
231V8400L14570LB,Database Management System,AWS,,,2/19/2022,Installed,3/20/2024,,572U6881T88497WG,AMYJLM,,,,IP Address,asset0043,,Test,,,
161V1632W61075ED,,Manual Entry,,,6/21/2022,Retired,1/14/2024,,182H7756O14940HX,USQMXF,,,,SNC Component,asset0958,,Acceptance,,,
392A2475D42530GT,,SAN Feed,,,4/27/2020,Installed,2/25/2024,,826A6350X74371VD,YNMGKX,,,,Workstations,asset0189,AWS,Production,,,
924G5148M92132ZW,Database Management System,Manual Entry,,,11/26/2022,Retired,3/9/2024,,225U2029L97555ML,UTXAFA,,,,VMWare Virtual Machine,asset0306,AWS,,,,
950H8500G74637QC,,AWS,,,7/11/2020,Retired,1/11/2024,,978E6971F34823FJ,OKHNTN,,,,Workstations,asset0062,Network,Test,,,
598J1641V69296MV,Database Management System,Manual Entry,,,12/9/2021,Installed,2/12/2024,,432C4810W58308NG,QSNQCW,,,,VMWare Virtual Machine,asset0674,Network,,,,
343J5608J50381VG,,SAN Feed,,,9/4/2023,Installed,3/16/2024,,170M3870V17669HV,YVJROC,,,,SNC Component,asset0480,,Acceptance,,,
977S7092A87878UW,,ServiceNow,,,10/3/2022,Installed,1/20/2024,,973K4546W35927UZ,VXLAGV,,,,Workstations,asset0963,Network,Production,,,
591S2532F77356QQ,Network-FM,Manual Entry,,,3/2/2020,Installed,3/13/2024,,671C3568V68942YI,GUFAGP,,,,Cloud Function,asset0825,Network,Contingency,,,
723Z8422D64487ZZ,,Manual Entry,test.com,example.test.com,1/17/2018,Installed,1/9/2024,,461C2947Z35153OS,HUKCQF,,,,VMWare Virtual Machine,asset0915,Application Servers,,,,
447J5620Q82469ZM,Network-FM,AWS,,,8/21/2021,Installed,3/23/2024,,965A7491B39399ND,ZZDJBO,,,,Cloud Function,asset0864,Other Software,,,,
308Z3478J83262DS,,ServiceNow,,,9/21/2023,Installed,2/17/2024,,373M2185K36945TC,VPFQOZ,,,,SNC Component,asset0114,Compute and OS,,,,
700B4629I62130RV,,ServiceNow,,,10/24/2018,Retired,3/11/2024,,356K6391N67196ZX,FCXCZG,,,,VMWare Virtual Machine,asset0246,AWS,Development,,,
904F8350L10701OT,,ServiceNow,test.com,example.test.com,3/13/2023,Installed,2/6/2024,,679C4001J67078QM,QOFQKS,,,,IP Address,asset0408,Application Servers,Contingency,,,
538H1775A98518AM,Harware,ServiceNow,test.com,example.test.com,8/19/2019,Installed,2/24/2024,,709K5108N15470HY,GBEHVR,,,,VMWare Virtual Machine,asset0293,Application Servers,Development,,,
220I5643F84822NR,,AWS,,,1/1/2018,Installed,3/9/2024,,216Y9664O41647CL,OGCTSX,,,,Workstations,asset0406,Other Software,Development,,,
131F2005E89259NQ,,SAN Feed,,,4/21/2022,Installed,3/10/2024,,752J9959X18339CM,JXBZSS,,,,Workstations,asset0491,Compute and OS,Test,,,
297F8959P27357YB,Database Management System,ServiceNow,,,4/21/2018,Installed,2/5/2024,,335B1394N25993IR,HBGSHN,,,,IP Address,asset0047,AWS,,,,
291Y4366T99514DF,Database Management System,Manual Entry,test.com,example.test.com,5/30/2018,Installed,3/10/2024,,151N3336T45564NQ,FJXYAA,,,,Workstations,asset0111,,Acceptance,,,
737O8859N53195DN,Database Management System,SAN Feed,,,2/28/2024,Retired,3/4/2024,,757I7498P74769DI,ULYKWF,,,,IP Address,asset0580,Compute and OS,Acceptance,,,
840X9279P96703CS,,Manual Entry,,,12/15/2019,Installed,1/9/2024,,356U7003C89249XC,RXVCWY,,,,VMWare Virtual Machine,asset0186,Other Software,Test,,,
353W5618D41415LP,,AWS,,,11/24/2018,Installed,1/19/2024,,334X1893F49701HV,UHNMQW,,,,VMWare Virtual Machine,asset0064,Application Servers,,,,
654P8586E72061WE,Database Management System,AWS,,,1/24/2019,Installed,2/9/2024,,310V2076A91825EG,LOLSGO,,,,Cloud Function,asset0286,AWS,Production,,,
132P2705D37948MW,,Manual Entry,test.com,example.test.com,8/13/2018,Retired,3/19/2024,,964Z2963E62943MR,LBZPKW,,,,SNC Component,asset0763,Other Software,Development,,,
695E4863T82819UX,,ServiceNow,,,6/26/2019,Installed,3/3/2024,,694Y2341T74465TI,APTRNW,,,,Workstations,asset0597,Network,Contingency,,,
180V9681Z28809FG,Harware,AWS,,,5/3/2018,Retired,3/22/2024,,264G6156M92035NV,TQVLTZ,,,,SNC Component,asset0356,AWS,Production,,,
709N8466Z80116HD,Network-FM,SAN Feed,,,3/23/2019,Retired,3/7/2024,,220A9552K57332SW,GZRBEW,,,,Fibre Channel Port,asset0276,Compute and OS,Test,,,
923E8929Z74775BI,,Manual Entry,test.com,example.test.com,2/2/2020,Installed,3/4/2024,,655W4903J16723YQ,CAISNU,,,,Fibre Channel Port,asset0987,Other Software,Test,,,
121A4997D94896HZ,Network-FM,ServiceNow,,,12/2/2021,Installed,1/19/2024,,206S8724T85928QB,PIGPPW,,,,Workstations,asset0764,Other Software,Test,,,
928T4843E14861NY,Harware,Manual Entry,,,5/16/2020,Retired,3/25/2024,,253V5165S83431PZ,RQXXBL,,,,Fibre Channel Port,asset0858,Compute and OS,,,,
198B1520K95845LF,Harware,SAN Feed,,,12/2/2019,Installed,3/7/2024,,816H2961S30123VF,GVFRIM,,,,VMWare Virtual Machine,asset0973,Other Software,Production,,,
838O3425T79874YX,,AWS,,,10/10/2019,Installed,1/6/2024,,771R2732Y37844GD,DUQWJZ,,,,Cloud Function,asset0706,Network,,,,
940W1773C18128HG,,Manual Entry,,,4/29/2023,Retired,3/17/2024,,863D6610W48507WR,IGRBPL,,,,Workstations,asset0054,Compute and OS,,,,
488Y2405X68767IB,Network-FM,ServiceNow,,,3/19/2021,Installed,3/14/2024,,609J5007L58677KW,ZIULTG,,,,VMWare Virtual Machine,asset0412,Network,Test,,,
323P5378P44821MS,,AWS,,,5/14/2023,Installed,3/24/2024,,513H5277G82713LU,VKCHFT,,,,VMWare Virtual Machine,asset0374,Network,Test,,,
907R2420B47660ER,Network-FM,AWS,,,4/25/2021,Installed,2/2/2024,,124C3316E37231WU,MSHYAT,,,,Cloud Function,asset0886,,Contingency,,,
563A4650A42334XZ,Network-FM,Manual Entry,,,7/27/2020,Installed,1/27/2024,,270H5704K49218PQ,SBOMOM,,,,VMWare Virtual Machine,asset0422,Network,,,,
566O1740W33184JN,,ServiceNow,,,3/15/2024,Retired,2/24/2024,,685Z4121D75167CY,CAHWNI,,,,Cloud Function,asset0110,,Test,,,
307N3147S97840PU,,ServiceNow,,,12/9/2023,Installed,4/1/2024,,469M9160C85499VB,LVXMZX,,,,Workstations,asset0941,Compute and OS,Development,,,
389Q8950N74327EF,Network-FM,SAN Feed,,,2/27/2022,Installed,2/7/2024,,410D8188A22040FV,AKAESZ,,,,Fibre Channel Port,asset0522,Network,Production,,,
514Y2535B60627AH,,AWS,,,4/13/2018,Retired,1/27/2024,,599D6356S18400WJ,PEGUZD,,,,VMWare Virtual Machine,asset0310,AWS,,,,
811Z1338A85545WI,,AWS,,,1/23/2023,Installed,1/14/2024,,632H3724A22417RU,URIJMD,,,,VMWare Virtual Machine,asset0149,Compute and OS,Development,,,
990R1775W66850XT,,SAN Feed,,,12/28/2019,Retired,2/22/2024,,664K4139H70509CM,HYQYEO,,,,SNC Component,asset0372,AWS,Test,,,
671J6822L57553SV,,SAN Feed,,,6/13/2022,Installed,2/28/2024,,682O9212L73223JF,KZDMOQ,,,,IP Address,asset0850,Compute and OS,Acceptance,,,
854K6845F93951WN,Network-FM,ServiceNow,,,5/26/2022,Installed,1/19/2024,,420W3555U13227XW,HROFVW,,,,SNC Component,asset0906,Application Servers,Test,,,
903B4728S51385FM,Network-FM,Manual Entry,,,12/16/2021,Retired,3/21/2024,,126D2512D86678QR,RIWQIO,,,,Fibre Channel Port,asset0160,AWS,,,,
164O6964W36242YS,Network-FM,ServiceNow,,,9/17/2022,Retired,3/27/2024,,329M8274R66273IN,EBHXZO,,,,SNC Component,asset0361,AWS,Acceptance,,,
271J2748M71950BT,Network-FM,ServiceNow,,,5/13/2021,Installed,3/30/2024,,574F7286X94578MG,HFMTVB,,,,SNC Component,asset0858,AWS,Development,,,
489B5458Y30551AG,Network-FM,AWS,,,8/19/2019,Retired,3/5/2024,,964T4398C76885WS,AYMXBQ,,,,SNC Component,asset0364,Other Software,Contingency,,,
522B2304X15059VL,,ServiceNow,,,1/26/2023,Installed,2/5/2024,,733Q7772W26077EH,RQMUNP,,,,IP Address,asset0700,Other Software,Acceptance,,,
466E5474A47809UO,,Manual Entry,,,8/1/2018,Installed,1/1/2024,,256U8152Z43582FW,JITBYT,,,,VMWare Virtual Machine,asset0951,,Contingency,,,
915M3170F38431OY,,Manual Entry,,,3/20/2022,Retired,1/12/2024,,756E5167W74552NZ,HXOOGX,,,,VMWare Virtual Machine,asset0806,Compute and OS,Development,,,
485A4959Y60769GX,Harware,ServiceNow,,,3/20/2018,Installed,2/22/2024,,999T8291A36292EW,XNTOXU,,,,Fibre Channel Port,asset0727,Network,Production,,,
828Z7264F78752SD,Network-FM,SAN Feed,test.com,example.test.com,6/15/2020,Installed,1/1/2024,,904V8254F13798PY,PXIQJB,,,,Cloud Function,asset0155,AWS,Development,,,
666K3816Q29769DJ,Harware,ServiceNow,,,10/18/2020,Installed,3/7/2024,,293C2383L87960JL,HAJHTU,,,,IP Address,asset0830,Other Software,,,,
828N8315D97967CR,Network-FM,ServiceNow,test.com,example.test.com,6/15/2022,Installed,3/11/2024,,999Q4439X51641YF,NRMMGS,,,,Fibre Channel Port,asset0769,Compute and OS,Production,,,
854Y1081Q64585NQ,Database Management System,SAN Feed,,,3/15/2020,Retired,1/15/2024,,246X5645V68772ET,UGLNBJ,,,,Fibre Channel Port,asset0878,AWS,Test,,,
378D8560O99459XE,,ServiceNow,,,8/6/2020,Retired,1/6/2024,,721Y2808F78687NG,IJCEGQ,,,,Fibre Channel Port,asset0069,Compute and OS,Test,,,
447M2071V41299FW,,AWS,,,7/2/2018,Installed,2/27/2024,,679U3010C63957CW,SRNARU,,,,Workstations,asset0711,Application Servers,Development,,,
421Z1244M50026RZ,,ServiceNow,,,7/28/2021,Installed,1/21/2024,,973K7384G56323FR,IDXCAF,,,,Workstations,asset0088,Network,Development,,,
328M4413H90726MA,,SAN Feed,test.com,example.test.com,11/5/2021,Retired,3/21/2024,,841Z7987L60084DG,AMVDVA,,,,IP Address,asset0831,AWS,Development,,,
760X7698O67928EK,,ServiceNow,test.com,example.test.com,9/5/2018,Retired,3/4/2024,,332K4073I11500PC,HULTVG,,,,VMWare Virtual Machine,asset0774,Compute and OS,Production,,,
670V7947R17849XN,,SAN Feed,,,12/7/2023,Installed,2/24/2024,,292G7245M74196BP,HRNYMB,,,,Network Adapter,asset0934,Other Software,Test,,,
516J5485P46641YU,,ServiceNow,,,6/11/2020,Installed,3/2/2024,,601N8755X30506ME,GAXLJU,,,,Network Adapter,asset0106,,Development,,,
681J5634P89920DE,,SAN Feed,test.com,example.test.com,4/9/2022,Installed,1/30/2024,,535O9223O66064PC,ZJIZIH,,,,Network Adapter,asset0980,Application Servers,,,,
870V4553Q58933PY,Network-FM,Manual Entry,,,2/7/2018,Installed,1/21/2024,,484B2834S90027EA,EUNGIH,,,,SNC Component,asset0675,AWS,Test,,,
140T2879T27877HW,Network-FM,SAN Feed,,,7/19/2020,Installed,3/19/2024,,355A8037Y98643NR,QHFYCF,,,,SNC Component,asset0975,AWS,Contingency,,,
469L4645Z94188QR,,Manual Entry,,,8/6/2021,Installed,2/11/2024,,978X4135U54531LF,QAZLLH,,,,SNC Component,asset0549,AWS,Contingency,,,
324A2416K15140YC,,SAN Feed,,,4/27/2023,Installed,2/27/2024,,612G3557W54933BM,BCDMPE,,,,SNC Component,asset0308,AWS,Test,,,
258V6212O49340IW,Harware,Manual Entry,,,3/29/2018,Installed,1/27/2024,,714O7115L33679QC,ACQCXJ,,,,VMWare Virtual Machine,asset0522,,,,,
208I8741F24439YB,,SAN Feed,test.com,example.test.com,10/19/2021,Retired,3/13/2024,,688F2928Y58732VE,HKBRQJ,,,,Cloud Function,asset0420,Network,Development,,,
389J8835R98262MZ,Network-FM,ServiceNow,,,9/10/2021,Installed,1/31/2024,,461E3242H49748NG,SLLSVV,,,,SNC Component,asset0079,Application Servers,Acceptance,,,
188M1904W26684QD,Harware,SAN Feed,,,6/18/2021,Retired,1/25/2024,,775H1577L29052DY,OWWZRK,,,,VMWare Virtual Machine,asset0845,Application Servers,Acceptance,,,
883L5369Y20193XF,Network-FM,Manual Entry,,,6/20/2019,Installed,2/26/2024,,580A7236G70820YH,CHNAXC,,,,Workstations,asset0364,Other Software,Production,,,
586G7141S71192YL,,ServiceNow,,,6/13/2018,Installed,1/18/2024,,242B8877J88651PG,SKQSZD,,,,SNC Component,asset0597,Application Servers,Contingency,,,
941O1865I88249NF,Database Management System,ServiceNow,,,3/4/2018,Installed,3/1/2024,,914V1408Z39139OK,YSIVDZ,,,,Fibre Channel Port,asset0187,Network,Development,,,
358Q7417G92886LN,Network-FM,Manual Entry,,,5/7/2023,Retired,1/2/2024,,118A2351I25109FT,XZLBJY,,,,Fibre Channel Port,asset0014,Other Software,Production,,,
795F1710S10582SN,Harware,Manual Entry,,,10/1/2019,Installed,3/14/2024,,973N2644U29595CZ,XATDWE,,,,Network Adapter,asset0167,Application Servers,Test,,,
164B7668I22143XZ,Network-FM,Manual Entry,,,1/3/2022,Installed,3/12/2024,,777K5490K39595JU,GNYRLW,,,,Workstations,asset0669,Compute and OS,Production,,,
391H1316R60889KU,,ServiceNow,,,12/13/2022,Installed,2/7/2024,,620I2840D40104VY,MBCOKN,,,,Network Adapter,asset0894,AWS,Test,,,
713V3343W36469RJ,,SAN Feed,,,2/12/2018,Retired,3/1/2024,,609E8963J52202EJ,ARAFCG,,,,VMWare Virtual Machine,asset0067,,Contingency,,,
546O9329K51227PO,,Manual Entry,,,9/18/2020,Retired,2/3/2024,,917K2724G52617CM,XBGIJJ,,,,Fibre Channel Port,asset0544,Compute and OS,Test,,,
974Z6637C27833LE,Harware,SAN Feed,,,7/8/2023,Installed,3/11/2024,,637O2502P79266YB,SHCUBB,,,,Network Adapter,asset0634,AWS,Test,,,
363T7277U82903VP,,ServiceNow,test.com,example.test.com,8/8/2022,Installed,3/25/2024,,966Y6945G13563MM,TEZHTW,,,,SNC Component,asset0020,,Acceptance,,,
384S6426D54676WA,,ServiceNow,,,8/15/2019,Installed,3/28/2024,,139U1217X66580TT,XQJTTQ,,,,VMWare Virtual Machine,asset0001,Network,Test,,,
678P7097O88273MN,,ServiceNow,,,9/25/2018,Retired,3/5/2024,,847U6972S67575AO,YCPMTQ,,,,VMWare Virtual Machine,asset0433,Application Servers,Development,,,
629Q3082P10517YM,Database Management System,Manual Entry,test.com,example.test.com,10/23/2019,Retired,1/24/2024,,382Y9037Y52461XN,OEOIQY,,,,Workstations,asset0559,Network,Acceptance,,,
937C2577Q10694VK,,Manual Entry,,,8/15/2019,Installed,2/4/2024,,311V5301U50905XQ,CFAEYF,,,,Fibre Channel Port,asset0177,Other Software,Test,,,
113L1766S37261FW,Harware,ServiceNow,test.com,example.test.com,3/8/2018,Installed,2/9/2024,,360N5953S94734UP,IMTJAV,,,,Workstations,asset0419,Compute and OS,Acceptance,,,
196Z4601V27041LY,Database Management System,AWS,,,8/8/2021,Installed,3/11/2024,,593X1637W68210YK,UBXNVQ,,,,VMWare Virtual Machine,asset0053,AWS,,,,
706N4637R10413YN,Database Management System,Manual Entry,,,2/7/2021,Retired,1/15/2024,,801W8733D71827WD,XKZRDH,,,,Workstations,asset0790,AWS,Contingency,,,
497J5448E39129FC,,Manual Entry,,,2/9/2023,Retired,1/17/2024,,540O1979J94329DS,VIILIW,,,,IP Address,asset0701,,Acceptance,,,
474O8326I26719JW,,ServiceNow,,,11/28/2021,Installed,1/28/2024,,722L4780E80242IW,ZQCBCV,,,,Workstations,asset0753,,Production,,,
498O1678C41024AL,,ServiceNow,,,6/8/2022,Installed,3/1/2024,,215Q9078V59604YO,ZZPYZG,,,,Cloud Function,asset0666,Application Servers,Contingency,,,
213J2784G36976YE,,AWS,,,9/25/2021,Installed,3/13/2024,,439H1689J55845WS,NXZZFP,,,,Workstations,asset0301,Application Servers,,,,
682H1854F97921SB,,ServiceNow,,,12/30/2023,Installed,3/23/2024,,119C1467E44358PF,UFSDNH,,,,VMWare Virtual Machine,asset0369,Compute and OS,,,,
207W6473O37501LA,Network-FM,ServiceNow,,,8/25/2022,Installed,3/2/2024,,243W8131C32032YN,ORTZYN,,,,SNC Component,asset0435,AWS,,,,
822M1257I80414JJ,,SAN Feed,,,5/3/2018,Installed,4/1/2024,,590G1252H25373VS,ATQCWE,,,,SNC Component,asset0359,AWS,Contingency,,,
794K9793V13097TA,,Manual Entry,,,12/18/2019,Installed,3/6/2024,,780W3434Q47026VX,AHFFVS,,,,SNC Component,asset0514,Compute and OS,Production,,,
231D2195S52626DQ,,Manual Entry,,,10/25/2019,Installed,1/26/2024,,450E3377N37975UL,DUJLRC,,,,Cloud Function,asset0298,AWS,Acceptance,,,
481H3486H57014RG,Database Management System,ServiceNow,,,3/17/2024,Installed,3/2/2024,,935H3022I37867QU,KRRACC,,,,Fibre Channel Port,asset0327,Compute and OS,,,,
877J3304J87529PJ,,AWS,,,3/5/2020,Installed,3/18/2024,,685Z5261X63048DB,TQKBSK,,,,Fibre Channel Port,asset0422,AWS,Production,,,
105B5770G76936OY,,SAN Feed,,,1/9/2023,Installed,2/19/2024,,945A3852W91420DG,OOEMAP,,,,IP Address,asset0899,Compute and OS,Acceptance,,,
794A2631J60585UK,Network-FM,SAN Feed,,,9/17/2020,Installed,3/13/2024,,835V1307X73513QU,VXUOOR,,,,Cloud Function,asset0400,,Test,,,
752H5799X14626FF,Network-FM,Manual Entry,test.com,example.test.com,11/10/2021,Retired,2/24/2024,,584E8613E26286BF,DXCLTW,,,,Cloud Function,asset0058,Network,,,,
335X8117V15003GC,,ServiceNow,,,9/19/2019,Retired,2/27/2024,,663B8370M26020TW,OMCNQS,,,,SNC Component,asset0252,Application Servers,Contingency,,,
498B7003B35851PS,,Manual Entry,,,5/25/2018,Installed,1/28/2024,,973Q9130N44887HV,PEACZY,,,,IP Address,asset0441,Compute and OS,Contingency,,,
818W9065B21585VP,,Manual Entry,,,1/10/2024,Installed,2/20/2024,,847J8473K81558KI,AVMXWZ,,,,SNC Component,asset0039,Network,Development,,,
777J9645N73635RH,Network-FM,Manual Entry,,,3/24/2024,Installed,1/15/2024,,688Y4158S65052SR,AEMZWV,,,,IP Address,asset0956,Compute and OS,Development,,,
588M3680D47600CK,,ServiceNow,test.com,example.test.com,7/31/2019,Installed,3/15/2024,,797Y2051S17356CU,PEAYKG,,,,Network Adapter,asset0987,Other Software,Production,,,
150N4062Y36687DV,Network-FM,SAN Feed,,,11/2/2018,Retired,3/14/2024,,238A3419N74869LY,OHGUHD,,,,Network Adapter,asset0204,Other Software,Contingency,,,
195O7387Q80559MU,,Manual Entry,,,10/10/2021,Installed,3/8/2024,,136L1274X33366QR,MYUZYN,,,,SNC Component,asset0174,Compute and OS,Production,,,
534A5288J80545FC,,ServiceNow,,,3/25/2020,Installed,3/1/2024,,856Q4134W79328UZ,EDPGVV,,,,IP Address,asset0274,Other Software,Production,,,
979W6224L57354BK,,SAN Feed,test.com,example.test.com,7/22/2020,Installed,1/20/2024,,119I1694R17578XL,DESETP,,,,VMWare Virtual Machine,asset0591,Network,Contingency,,,
112L6280U40274HU,Database Management System,ServiceNow,,,11/15/2019,Installed,1/25/2024,,894Q4193D21307FX,PAEYRH,,,,Fibre Channel Port,asset0535,AWS,Production,,,
279A8112U72124EM,Network-FM,AWS,,,1/7/2022,Retired,3/31/2024,,651F1327Z76571CX,CYKUAM,,,,Workstations,asset0917,,,,,
500Y3586F83365MX,,ServiceNow,,,9/22/2023,Installed,2/13/2024,,140C8766G41695KY,ZFWBPW,,,,Cloud Function,asset0703,Compute and OS,Production,,,
902J4227U47074RQ,Harware,Manual Entry,,,1/4/2023,Retired,3/23/2024,,627D3020H84882ZA,HCQVQF,,,,Fibre Channel Port,asset0844,AWS,Contingency,,,
371B6371W94757XA,,Manual Entry,,,10/28/2020,Retired,1/8/2024,,181K6779X40998BO,ONSPTE,,,,IP Address,asset0059,,Acceptance,,,
327P6253D68880ER,,Manual Entry,,,2/9/2024,Retired,3/28/2024,,124L1702W81389CE,RNIQAT,,,,SNC Component,asset0279,AWS,Production,,,
629Y4880O92912NI,Database Management System,ServiceNow,,,7/19/2019,Installed,3/9/2024,,864J7247T86976PD,XRTCGO,,,,Network Adapter,asset0253,AWS,Production,,,
547C7350D38549OH,Database Management System,Manual Entry,,,5/6/2022,Installed,3/22/2024,,281P1650M87182YJ,UMZQCM,,,,Network Adapter,asset0925,AWS,Production,,,
148Z9933D16983TI,Harware,ServiceNow,test.com,example.test.com,4/18/2023,Installed,2/15/2024,,239P6049I16207SG,RBMPYQ,,,,Workstations,asset0258,Other Software,Acceptance,,,
539V7505W80088MS,Database Management System,Manual Entry,,,12/4/2023,Installed,2/12/2024,,763N7657F59808OP,SRPQGW,,,,Network Adapter,asset0116,AWS,Production,,,
464E7091P69921UJ,Database Management System,AWS,test.com,example.test.com,12/6/2022,Installed,2/26/2024,,355W3437S35433EW,SFGMUK,,,,Fibre Channel Port,asset0700,AWS,Development,,,
848L6298B81458BW,,Manual Entry,,,7/2/2023,Retired,3/14/2024,,490K2993L54262TY,CNIXVX,,,,Fibre Channel Port,asset0359,AWS,Acceptance,,,
516G5679Q77078AB,Network-FM,SAN Feed,,,6/16/2023,Installed,3/3/2024,,307S4168M36663IS,WNJHUH,,,,VMWare Virtual Machine,asset0070,Compute and OS,Development,,,
134C6587E13345XC,,ServiceNow,,,10/10/2018,Installed,2/20/2024,,666G5208E92542CL,ZBZXYL,,,,IP Address,asset0165,Application Servers,Development,,,
989H3554P51384MI,Database Management System,Manual Entry,,,10/11/2020,Installed,2/16/2024,,901I1782A56019CD,HVYQCS,,,,Cloud Function,asset0703,Application Servers,Test,,,
800L2974Z74417BI,,Manual Entry,,,11/19/2019,Installed,2/5/2024,,299G8668D77404WF,FOJXJD,,,,Workstations,asset0893,AWS,,,,
769U7784Z39808TF,Network-FM,Manual Entry,test.com,example.test.com,3/15/2022,Installed,1/6/2024,,225S6437S45815FL,KUAAGJ,,,,Cloud Function,asset0835,Application Servers,Development,,,
216R4460H29542MZ,,AWS,test.com,example.test.com,6/2/2019,Retired,1/21/2024,,654G1532X25277RP,MMDLST,,,,Network Adapter,asset0585,Network,,,,
713U4403S22921UW,,ServiceNow,,,7/30/2019,Installed,1/13/2024,,962J1252N56781KG,TYHSXV,,,,Network Adapter,asset0377,,Test,,,
168O6529H28945ZK,Harware,AWS,,,4/20/2022,Installed,3/29/2024,,239B1461U56307SI,GWKEMK,,,,SNC Component,asset0921,Compute and OS,Test,,,
951L9110E45959WJ,Harware,ServiceNow,,,2/2/2022,Retired,3/27/2024,,416V3539J61633CO,KYXKBI,,,,Fibre Channel Port,asset0808,Other Software,Production,,,
977O3685Y31262GR,Network-FM,AWS,test.com,example.test.com,12/26/2020,Installed,1/7/2024,,948A1943E16079ZP,RSIHOQ,,,,Workstations,asset0483,Application Servers,Test,,,
196E6496L85204HX,Harware,SAN Feed,,,2/15/2023,Retired,3/18/2024,,669C7438Z36579TP,BNLZSO,,,,Network Adapter,asset0163,Compute and OS,Development,,,
130V2752A37688WP,,Manual Entry,,,5/24/2018,Installed,1/23/2024,,430A8704Q11603SQ,EWMKNU,,,,SNC Component,asset0379,,Test,,,
174J1471N81162NY,,ServiceNow,,,3/26/2024,Installed,2/13/2024,,360J1147F52074GG,UKELKE,,,,Cloud Function,asset0007,Compute and OS,Acceptance,,,
121I3143U31697LS,,ServiceNow,,,6/13/2023,Installed,1/1/2024,,212Q7317Z78977WF,BSQKOR,,,,VMWare Virtual Machine,asset0378,AWS,,,,
227N5772I78370XA,,ServiceNow,,,11/29/2023,Installed,3/25/2024,,566T5862X96262DU,SBJIPI,,,,VMWare Virtual Machine,asset0954,Compute and OS,Acceptance,,,
917L9369P91788JM,,Manual Entry,,,5/16/2021,Installed,2/8/2024,,789Q7278X42491QR,IMEIJU,,,,IP Address,asset0623,AWS,Production,,,
580I9082H65827DV,,SAN Feed,,,4/9/2023,Installed,2/10/2024,,196K7245H89211JT,QHELWA,,,,Network Adapter,asset0201,Application Servers,Production,,,
234P2935T68683HR,Harware,ServiceNow,,,8/5/2022,Installed,3/27/2024,,345D7807C53736US,KQDGPZ,,,,IP Address,asset0593,Application Servers,Acceptance,,,
771C1267K86081ER,,ServiceNow,,,5/27/2021,Installed,1/7/2024,,900Q9511D89091FL,YJXNAI,,,,VMWare Virtual Machine,asset0485,,Development,,,
133K9396R40922JU,,ServiceNow,,,5/6/2023,Installed,3/3/2024,,865I6563B42441XU,XWVNRV,,,,Workstations,asset0992,AWS,Contingency,,,
122Z9478H17830RP,,SAN Feed,,,12/30/2023,Installed,1/7/2024,,740M7106H28076OD,EDGEHW,,,,SNC Component,asset0310,Other Software,,,,
433T6975Q12858HU,,AWS,,,4/30/2019,Installed,2/14/2024,,459J1154B47465NT,SRBBHJ,,,,Workstations,asset0667,AWS,,,,
569Y8436N37434JY,Network-FM,SAN Feed,,,2/26/2023,Retired,1/24/2024,,862W9725Q72868XL,VQYJXQ,,,,Cloud Function,asset0562,AWS,Production,,,
899H2465L26723PR,,ServiceNow,,,1/12/2024,Installed,1/15/2024,,117Q5070B73629ZU,WMRMSW,,,,IP Address,asset0812,Application Servers,,,,
979E1430T47236FF,,ServiceNow,,,7/29/2023,Retired,2/23/2024,,983G6596M65185UM,QIRMUB,,,,Fibre Channel Port,asset0534,AWS,Test,,,
942E2401G93167ZZ,,Manual Entry,,,8/26/2019,Installed,1/29/2024,,488H4789D15255IC,NFSSMO,,,,Workstations,asset0458,Application Servers,Contingency,,,
925T5008K22707EP,,AWS,test.com,example.test.com,5/31/2018,Installed,2/23/2024,,624C9699W11109HQ,NMCAWW,,,,Fibre Channel Port,asset0399,AWS,Contingency,,,
430A3405J48968OD,,SAN Feed,,,1/4/2022,Installed,2/23/2024,,160X1308H91212FO,IJMUNN,,,,Fibre Channel Port,asset0949,Compute and OS,Test,,,
797Y3370N80913CK,,ServiceNow,,,3/10/2019,Installed,2/13/2024,,694B9757S77497OG,YYOPII,,,,IP Address,asset0825,AWS,Development,,,
259U2160H58898OH,,AWS,,,9/2/2018,Retired,2/11/2024,,707G5017K68679KZ,RROOUQ,,,,IP Address,asset0466,AWS,Contingency,,,
522D6296F96591SN,,Manual Entry,,,10/15/2021,Installed,1/10/2024,,841E5771F73926TQ,SODKVU,,,,IP Address,asset0421,AWS,Acceptance,,,
540A4048S53766LH,Network-FM,SAN Feed,,,2/24/2020,Installed,1/19/2024,,505R6815T68651AN,VRAZKF,,,,SNC Component,asset0952,Compute and OS,Test,,,
702Q3376V73977WB,Network-FM,Manual Entry,,,5/22/2023,Installed,2/15/2024,,219F4369P12192VU,MTWMIO,,,,Network Adapter,asset0309,Compute and OS,Acceptance,,,
519F6856L10974OO,,Manual Entry,,,4/30/2023,Retired,2/7/2024,,939I3272U67544DS,LMLXUQ,,,,Cloud Function,asset0038,AWS,,,,
864S9761C89462RK,,SAN Feed,,,9/13/2018,Installed,3/9/2024,,898A7469B19627SI,OYEJPQ,,,,Network Adapter,asset0150,Compute and OS,Acceptance,,,
441I2461M46721WW,Network-FM,SAN Feed,test.com,example.test.com,8/5/2023,Installed,3/25/2024,,874Z6758P89858CR,RORYNI,,,,IP Address,asset0280,,Acceptance,,,
971N4099C61546AC,,SAN Feed,,,9/13/2021,Retired,1/22/2024,,620M6970C76918EE,DDKLSC,,,,Cloud Function,asset0716,,,,,
655S2519V38261AF,,SAN Feed,,,10/30/2023,Installed,3/25/2024,,218Y6859H65078IF,NMTFOZ,,,,IP Address,asset0240,Compute and OS,Development,,,
525F9092B73719GU,Harware,SAN Feed,,,3/12/2022,Installed,3/3/2024,,581Z4801Q95831TG,PCHNYP,,,,Workstations,asset0949,,Development,,,
557U3863D29839AJ,Harware,SAN Feed,test.com,example.test.com,9/20/2020,Installed,1/29/2024,,512T8603J86619KY,NTSPSZ,,,,VMWare Virtual Machine,asset0808,Network,Production,,,
984Z4853H11925HO,,ServiceNow,test.com,example.test.com,10/28/2019,Installed,2/26/2024,,971A3097E27462YC,LXVQDY,,,,Cloud Function,asset0791,AWS,Production,,,
395J7264U67009SB,,SAN Feed,,,5/9/2019,Retired,2/14/2024,,426V1731Q58072TF,OEJSJM,,,,SNC Component,asset0742,Other Software,Development,,,
121P2326C69723WM,Network-FM,ServiceNow,test.com,example.test.com,3/22/2018,Retired,1/16/2024,,229N5227B79611KK,YWZAJB,,,,Cloud Function,asset0020,AWS,Test,,,
168R6758I21515RT,,AWS,,,8/6/2021,Installed,1/24/2024,,305P3435Q96632LI,MVRWRB,,,,Cloud Function,asset0309,,Development,,,
946E2065X53764FQ,,AWS,,,6/20/2018,Retired,3/26/2024,,236J5331G18973IG,CUOSEB,,,,Fibre Channel Port,asset0100,Network,Test,,,
498C2283K65592UC,,AWS,test.com,example.test.com,2/22/2020,Installed,2/21/2024,,456W3737V98103AX,KQNIIG,,,,IP Address,asset0657,Compute and OS,Contingency,,,
197E2285D10491NU,,AWS,,,2/5/2024,Installed,3/24/2024,,375V5417C13975BQ,IINFNN,,,,Fibre Channel Port,asset0287,Compute and OS,Development,,,
692F2557W46246QF,,SAN Feed,,,4/4/2021,Installed,3/29/2024,,505L3043R68228WE,DILSCG,,,,SNC Component,asset0337,AWS,Contingency,,,
834D3865U77650KN,,ServiceNow,,,12/25/2018,Retired,3/25/2024,,984R3663X17690DB,SFSCGF,,,,Workstations,asset0093,AWS,Contingency,,,
274C8065W47425RY,Database Management System,Manual Entry,,,12/16/2022,Installed,1/5/2024,,778L5529K30392ZM,WBWRGO,,,,Workstations,asset0623,Network,,,,
977M2634A35680IS,,AWS,,,7/27/2021,Installed,1/14/2024,,319K5086Z18385OK,EKXIFW,,,,Fibre Channel Port,asset0535,AWS,Contingency,,,
976A3749I63832PE,,ServiceNow,,,1/12/2020,Installed,3/30/2024,,851T8426I53296AI,HCJHXA,,,,Workstations,asset0425,Network,Acceptance,,,
762K1573B17385ZE,,ServiceNow,,,5/18/2018,Installed,3/28/2024,,346N9868J74060HG,JDBTYF,,,,VMWare Virtual Machine,asset0095,Other Software,Contingency,,,
204R6141F77884UL,Network-FM,AWS,test.com,example.test.com,2/1/2021,Installed,2/21/2024,,753F4738Y91055OE,RPPWMN,,,,SNC Component,asset0062,Compute and OS,Test,,,
608W1814O59694SC,Network-FM,ServiceNow,,,5/10/2021,Installed,1/16/2024,,221E8109Y32296RP,COZBAC,,,,VMWare Virtual Machine,asset0628,Application Servers,Production,,,
145S3117O93307JG,Harware,Manual Entry,,,11/14/2018,Installed,2/21/2024,,539Z9751A76340VE,TURSAN,,,,SNC Component,asset0657,Application Servers,Production,,,
284U3734D60809NW,Harware,Manual Entry,,,9/26/2023,Retired,3/12/2024,,471N8620T60936YI,YGHDCZ,,,,SNC Component,asset0727,AWS,,,,
248I1222K45022AY,Network-FM,ServiceNow,test.com,example.test.com,7/13/2019,Installed,2/18/2024,,889H6506X93474CM,CGKBCH,,,,Fibre Channel Port,asset0231,Network,Production,,,
780N7652V75311PQ,,AWS,,,8/11/2020,Retired,3/18/2024,,748S9460T55663BW,OAOTGK,,,,SNC Component,asset0262,Compute and OS,,,,
954J4075H24378UN,Database Management System,ServiceNow,,,3/3/2022,Installed,2/29/2024,,904R3376W26761MT,KAQIJK,,,,IP Address,asset0610,,Production,,,
804M9023Y87605QJ,Database Management System,Manual Entry,,,8/3/2019,Installed,2/25/2024,,500Y5758G22344VG,KPYVQR,,,,SNC Component,asset0319,Network,Contingency,,,
582U6858V68463TP,Harware,SAN Feed,,,12/15/2023,Installed,3/22/2024,,438K1807A26725PM,WAZARR,,,,Network Adapter,asset0786,AWS,Test,,,
222N1822U25010AB,,Manual Entry,,,10/23/2023,Installed,3/5/2024,,472F6166W95387SB,VASJXM,,,,Cloud Function,asset0019,Application Servers,,,,
858Z9158M91584OH,Database Management System,SAN Feed,,,4/5/2019,Installed,1/5/2024,,628U3017U67726QP,AZJQRX,,,,Cloud Function,asset0500,Application Servers,Test,,,
904K2364W85589EN,,AWS,,,11/10/2020,Retired,2/15/2024,,915A6350N75818YJ,MMLUOU,,,,Workstations,asset0050,Network,,,,
707I3869K30606OW,,ServiceNow,,,4/12/2021,Retired,1/23/2024,,966K7998B26729WU,UREFBX,,,,VMWare Virtual Machine,asset0305,Application Servers,Development,,,
184V4079X54809EZ,,AWS,,,6/22/2023,Installed,3/6/2024,,463L3480L44841ED,OOTCBN,,,,Fibre Channel Port,asset0174,Network,Production,,,
202G9018W80346WL,Harware,Manual Entry,,,12/23/2023,Installed,1/30/2024,,648U8486V17368MK,EPPFRB,,,,Cloud Function,asset0836,Application Servers,Production,,,
654U3308R75365UY,Harware,SAN Feed,,,8/26/2023,Installed,1/12/2024,,269Y4525M39766XU,FIFLLT,,,,Workstations,asset0004,Compute and OS,Production,,,
923S2017X50745CB,,ServiceNow,,,10/31/2021,Installed,3/16/2024,,984N8962E62075DT,XYGHKI,,,,SNC Component,asset0023,Other Software,Production,,,
632J8580B11224QB,Network-FM,AWS,,,7/4/2019,Installed,1/14/2024,,757K4215R71655TH,BDEMRF,,,,Network Adapter,asset0770,AWS,,,,
491K9141D93156JY,,ServiceNow,,,10/29/2019,Retired,2/15/2024,,357I5484D28035ZM,UTOWBO,,,,VMWare Virtual Machine,asset0377,AWS,Test,,,
991X3075T86388GU,,ServiceNow,,,4/28/2023,Installed,1/16/2024,,829X8273F46470ZF,URPBCV,,,,SNC Component,asset0864,Compute and OS,Production,,,
375K9981A61424CX,Network-FM,ServiceNow,test.com,example.test.com,1/30/2023,Installed,1/26/2024,,558W5141S55347KX,KEKPEX,,,,SNC Component,asset0899,AWS,Development,,,
755U5408I31451KY,,SAN Feed,,,6/22/2022,Installed,3/5/2024,,865X2634T98165PX,ELQWFJ,,,,Cloud Function,asset0523,Other Software,Test,,,
951B5005J66728OV,,AWS,,,12/11/2022,Installed,3/29/2024,,392P7088X62869XQ,ZSLUUV,,,,Workstations,asset0434,Other Software,Test,,,
856I6875H21504GD,,ServiceNow,test.com,example.test.com,1/16/2020,Installed,3/10/2024,,900T7463Q81284YK,BTSBZA,,,,VMWare Virtual Machine,asset0899,Compute and OS,,,,
553V1044A61539AD,,ServiceNow,,,11/25/2021,Installed,2/17/2024,,697V6464U83832XP,PRWQWB,,,,Fibre Channel Port,asset0073,Other Software,Contingency,,,
736Y2267X41021TT,,ServiceNow,,,11/10/2023,Installed,2/23/2024,,821Y7630M93360KG,PTPZZM,,,,Cloud Function,asset0711,AWS,Production,,,
491J1981V32311KI,,ServiceNow,,,2/1/2021,Installed,3/20/2024,,119O1481F25786SW,EWJNRY,,,,Workstations,asset0844,Compute and OS,Production,,,
100T1150H44957GJ,,Manual Entry,,,5/21/2021,Installed,3/19/2024,,415T8550H38546JA,CPUIIW,,,,Cloud Function,asset0128,AWS,Acceptance,,,
495L1293Z81465JG,,Manual Entry,test.com,example.test.com,4/1/2024,Installed,2/28/2024,,597M6762E13890XJ,WYEXNZ,,,,Cloud Function,asset0347,Network,Acceptance,,,
231J8896D53817VR,Network-FM,ServiceNow,,,7/6/2019,Installed,1/16/2024,,912Z7464I15797DG,TYKYOJ,,,,SNC Component,asset0116,Application Servers,Production,,,
193N5616U60305EF,Harware,SAN Feed,,,1/18/2020,Installed,2/9/2024,,375T6499J88319VT,DJVEAL,,,,SNC Component,asset0875,AWS,Production,,,
179D1431O59221CG,,Manual Entry,,,12/27/2023,Installed,1/18/2024,,975Q5396B61334SJ,YXFRCG,,,,Network Adapter,asset0544,Compute and OS,Contingency,,,
914S5880L80452MJ,,ServiceNow,,,9/7/2020,Installed,1/11/2024,,893E4153J13441DY,VRFYAR,,,,Workstations,asset0133,Compute and OS,Production,,,
323Y6446S97785TD,,ServiceNow,,,11/1/2019,Installed,2/27/2024,,137C5832L81406MA,FRJPAS,,,,Network Adapter,asset0646,AWS,Test,,,
286Q3391K13408YF,,SAN Feed,,,9/11/2022,Retired,3/24/2024,,187Q2699H34813FL,SMNVJF,,,,SNC Component,asset0356,,Contingency,,,
956O5218B47068IP,,ServiceNow,,,9/21/2023,Retired,2/4/2024,,188F5416A78465BE,WGHZQO,,,,Fibre Channel Port,asset0474,,Test,,,
379E8029M31725OF,,AWS,,,5/17/2021,Installed,1/15/2024,,432X1683L17012JR,LQJIUU,,,,Network Adapter,asset0220,Other Software,Production,,,
408R4838X86578UT,,Manual Entry,,,11/8/2020,Retired,1/21/2024,,954F8618O86492GN,ZSXZJM,,,,IP Address,asset0868,Application Servers,Contingency,,,
210R4589A18886CM,,Manual Entry,test.com,example.test.com,1/27/2019,Installed,2/15/2024,,530T7751R42517TC,APVGPR,,,,Workstations,asset0654,Other Software,Contingency,,,
100J7611T74382IW,Database Management System,ServiceNow,,,11/15/2020,Installed,1/18/2024,,448X6961D32922VV,RKVKAQ,,,,Cloud Function,asset0202,Compute and OS,Contingency,,,
833A5140S22716CI,Harware,AWS,,,3/18/2023,Installed,3/3/2024,,310V2147R92332IW,ODLLIF,,,,VMWare Virtual Machine,asset0630,AWS,Development,,,
272B8901O85597EZ,,AWS,,,8/30/2021,Retired,1/11/2024,,117V9570F38910VM,IVQTUH,,,,Workstations,asset0783,AWS,Production,,,
645K8070W18410RF,Network-FM,Manual Entry,test.com,example.test.com,3/8/2022,Installed,3/9/2024,,175E9158T43289EH,SVPPNY,,,,IP Address,asset0400,Application Servers,Acceptance,,,
192S8990N88799PD,Database Management System,ServiceNow,test.com,example.test.com,1/14/2018,Installed,3/26/2024,,285L5745S22150AP,HBWYIM,,,,VMWare Virtual Machine,asset0303,Application Servers,Test,,,
485H7613K25508UO,,SAN Feed,,,1/30/2018,Retired,1/10/2024,,166S5061B80447US,EGJXSE,,,,Workstations,asset0717,AWS,Acceptance,,,
122G6167X21421GO,,SAN Feed,,,11/22/2023,Installed,2/25/2024,,740J2696Z23989OK,GCAHDF,,,,Network Adapter,asset0968,AWS,,,,
740I7636H16916TQ,,SAN Feed,,,6/21/2020,Installed,1/1/2024,,694F7423H76552KG,HKPJKN,,,,Network Adapter,asset0643,,,,,
772V5031T36066UA,Database Management System,ServiceNow,,,5/19/2023,Installed,2/3/2024,,571G2897L15049AI,RLOFIK,,,,VMWare Virtual Machine,asset0752,Application Servers,Contingency,,,
142U1557K31030TI,Database Management System,ServiceNow,,,3/20/2021,Installed,2/22/2024,,714G4344R76423AZ,WGDXRZ,,,,IP Address,asset0259,Network,,,,
651E6094B15162BA,,AWS,,,7/12/2023,Installed,3/26/2024,,401G3073J69539FR,NGLTPK,,,,SNC Component,asset0791,,Test,,,
205K3718N85041LW,Harware,AWS,,,5/18/2019,Installed,3/2/2024,,390T6096U93334OH,JBZRHE,,,,VMWare Virtual Machine,asset0685,Application Servers,Development,,,
216F3654J25073PM,Network-FM,ServiceNow,,,2/11/2020,Installed,2/12/2024,,126V3498Y77868TM,GCLNKP,,,,Workstations,asset0893,Other Software,,,,
912Y9371D37711SL,Database Management System,Manual Entry,,,9/9/2022,Installed,2/24/2024,,601Q4166V22517GC,ZDDVTB,,,,Cloud Function,asset0976,Other Software,Development,,,
345Z4409F56994XZ,Harware,ServiceNow,,,12/12/2018,Installed,1/4/2024,,538P1034R39071DQ,LKYVZN,,,,Cloud Function,asset0935,,Development,,,
861F8613Q63147HP,,AWS,,,1/21/2019,Installed,3/27/2024,,958B7181C24988HC,WXXDSR,,,,Fibre Channel Port,asset0396,Network,Acceptance,,,
169Q5683F36611CH,Database Management System,SAN Feed,,,1/16/2021,Installed,2/3/2024,,892N6055P63971IR,SXIVAI,,,,Workstations,asset0225,Application Servers,Production,,,
659N5361B93634YA,,ServiceNow,,,12/2/2019,Retired,3/27/2024,,192C2347J71540RD,HSGOPO,,,,Workstations,asset0308,Compute and OS,Test,,,
231F9004K12015TF,Harware,Manual Entry,,,1/10/2019,Installed,1/21/2024,,612U8106T87143RN,CRQKUZ,,,,IP Address,asset0207,Application Servers,Production,,,
842T7189M44556OM,,ServiceNow,,,1/10/2022,Installed,2/29/2024,,525U2580L73810FZ,SGEBBT,,,,Network Adapter,asset0263,Other Software,,,,
666U2581C48027MT,,SAN Feed,,,12/22/2019,Installed,1/19/2024,,900D6338B48424QD,UFCMQP,,,,Network Adapter,asset0946,AWS,,,,
792T6276V18013EG,,Manual Entry,,,4/30/2022,Retired,3/19/2024,,202I3557G23855KZ,AJVGYV,,,,Cloud Function,asset0789,AWS,Production,,,
815O7339Z26517DU,Database Management System,AWS,,,10/15/2020,Installed,3/12/2024,,589O2948V29700LU,GDZGOI,,,,VMWare Virtual Machine,asset0388,AWS,Contingency,,,
854W3306O72355OB,,Manual Entry,,,8/21/2023,Installed,2/2/2024,,585D4106S30544AV,MJCCTA,,,,SNC Component,asset0133,AWS,Acceptance,,,
704R5411P97201UX,,AWS,,,5/26/2023,Installed,2/12/2024,,374S1277T45975TY,JLABBQ,,,,IP Address,asset0691,Application Servers,Test,,,
631V5256V62021GK,,ServiceNow,,,12/23/2023,Installed,2/8/2024,,202U2718G87219WU,KRIRQJ,,,,Cloud Function,asset0168,Network,Contingency,,,
755J5257Q82260FN,Harware,Manual Entry,test.com,example.test.com,9/25/2018,Retired,3/8/2024,,632A1358A36304BU,QVHQTQ,,,,Network Adapter,asset0088,Compute and OS,Development,,,
407L9556X39953HA,,Manual Entry,,,12/31/2021,Installed,2/26/2024,,800E4099F59539MI,MEDUAC,,,,SNC Component,asset0330,Compute and OS,Acceptance,,,
670X3938W84959IH,,AWS,,,9/8/2019,Retired,2/22/2024,,665L8194P21239EP,FZEWVD,,,,IP Address,asset0461,Application Servers,Development,,,
283L7397K86340HY,,ServiceNow,,,10/29/2022,Installed,1/1/2024,,707N7837U17744WQ,QNJROM,,,,SNC Component,asset0082,,Contingency,,,
421H7833L86937EW,,Manual Entry,,,7/25/2023,Installed,3/31/2024,,606B2219A47789EA,SOFEZD,,,,SNC Component,asset0112,Application Servers,Production,,,
978W8635Z54572LZ,Network-FM,Manual Entry,,,1/17/2023,Retired,3/26/2024,,829B6088M77306EA,UPTFBP,,,,VMWare Virtual Machine,asset0229,Network,Test,,,
461X7700Y91621VX,Harware,Manual Entry,,,7/11/2019,Installed,1/15/2024,,870B3166D21197GT,NSOHBW,,,,Fibre Channel Port,asset0792,Network,,,,
180N3932L48047NM,,SAN Feed,test.com,example.test.com,5/28/2020,Installed,2/9/2024,,863O3071B43054CO,XLHWTU,,,,SNC Component,asset0710,Application Servers,Contingency,,,
617R1561X10390PL,,SAN Feed,test.com,example.test.com,10/24/2019,Retired,2/4/2024,,717Y5871J44785JN,ASQVAX,,,,Network Adapter,asset0440,AWS,,,,
223Q1077S26131UD,,ServiceNow,,,11/24/2021,Installed,3/22/2024,,395P3808R34411KH,CFZNAK,,,,VMWare Virtual Machine,asset0339,Compute and OS,,,,
141B2269S71697NI,Harware,Manual Entry,,,1/21/2020,Retired,3/22/2024,,429W2708E90167NO,RCDFTF,,,,Workstations,asset0424,AWS,Development,,,
486O3306X87773TL,Harware,Manual Entry,,,5/23/2021,Installed,3/5/2024,,285A3226Q53041KW,LERCVM,,,,Cloud Function,asset0777,AWS,Test,,,
856F2694Y54248HD,,AWS,test.com,example.test.com,11/17/2020,Installed,2/8/2024,,671X6818X91342DP,HYBRQI,,,,Fibre Channel Port,asset0549,Compute and OS,Test,,,
459U1435R85596NR,,ServiceNow,,,5/10/2022,Installed,2/3/2024,,849K3865Z41432MG,UQONHU,,,,Network Adapter,asset0920,Compute and OS,Acceptance,,,
553L8560S95817QV,Database Management System,Manual Entry,,,8/27/2022,Installed,2/6/2024,,179U7453S31442SA,CVIISK,,,,IP Address,asset0119,,Production,,,
531H5487J23287TA,,ServiceNow,,,1/25/2024,Installed,2/5/2024,,167K6930C67859EU,GCSYHT,,,,Fibre Channel Port,asset0099,,Test,,,
656V9898M45756CI,,AWS,,,6/16/2021,Installed,3/18/2024,,935M6905I57573FA,HYTJCK,,,,Fibre Channel Port,asset0319,Other Software,Acceptance,,,
696R7201X67049TP,Database Management System,Manual Entry,test.com,example.test.com,2/1/2022,Installed,1/10/2024,,795G7046G69998WL,AJXGMM,,,,Network Adapter,asset0895,AWS,Acceptance,,,
694Y9633B19978SO,Network-FM,ServiceNow,,,2/28/2023,Installed,1/9/2024,,431B4461F59970EP,EIRMKI,,,,Cloud Function,asset0265,Application Servers,Production,,,
940O3916T28319VY,,AWS,,,10/26/2019,Installed,2/10/2024,,724Q5891W88399EP,CJQPLJ,,,,Cloud Function,asset0809,Application Servers,Production,,,
204Q1568F23481EX,,Manual Entry,,,3/10/2021,Retired,2/20/2024,,356N5055Z96413UL,YNOLDV,,,,SNC Component,asset0022,Application Servers,Production,,,
837S2960W30466QA,Harware,AWS,,,10/24/2018,Installed,1/16/2024,,154N3484O60288FI,EVYRYC,,,,Network Adapter,asset0357,Network,Contingency,,,
292R3128M17537WX,Database Management System,ServiceNow,,,9/15/2022,Installed,3/17/2024,,212V5067C13087IE,TEYCJQ,,,,Fibre Channel Port,asset0937,AWS,Development,,,
828X2531U10808FP,Network-FM,ServiceNow,test.com,example.test.com,6/28/2021,Installed,1/16/2024,,245L4406N56419UK,AINSYP,,,,SNC Component,asset0663,AWS,Acceptance,,,
714R3681O77090FK,Database Management System,SAN Feed,,,2/26/2021,Installed,2/23/2024,,499D3965K65996MO,TDFXDI,,,,Cloud Function,asset0407,,Contingency,,,
931I4046C65274XQ,Network-FM,AWS,,,7/8/2022,Installed,3/30/2024,,543J2615L54458WK,OZLKPR,,,,Network Adapter,asset0951,AWS,Contingency,,,
546B7289B69219MZ,,SAN Feed,,,7/18/2019,Installed,3/26/2024,,241U7129Q25734RS,NBDSHX,,,,Fibre Channel Port,asset0289,AWS,Production,,,
916L3934Q90216CW,Database Management System,AWS,,,3/11/2022,Installed,2/16/2024,,711K3764B96143AN,NUZZMS,,,,Network Adapter,asset0770,AWS,Acceptance,,,
443Q7603D38842GE,Harware,Manual Entry,,,5/26/2019,Installed,2/26/2024,,927U1782U20171RX,KEIWWV,,,,Cloud Function,asset0566,Application Servers,Production,,,
637F2880A64037JF,Harware,AWS,,,3/15/2018,Installed,2/14/2024,,651Z2380X93518ME,NKSRMS,,,,IP Address,asset0439,Application Servers,,,,
863S7629W43644XO,Network-FM,AWS,,,12/23/2018,Installed,4/1/2024,,302D3752J97527SA,YXRIEC,,,,SNC Component,asset0023,Compute and OS,,,,
990A7945K36720CK,,ServiceNow,,,3/3/2018,Installed,2/28/2024,,706Q1980J49506PL,OWWBOJ,,,,VMWare Virtual Machine,asset0224,Application Servers,Test,,,
277R3239U85911ZU,Harware,SAN Feed,,,5/7/2018,Retired,1/31/2024,,861O2781B98064FA,WEJKYK,,,,Network Adapter,asset0770,Network,Contingency,,,
177S1271P27524PN,,ServiceNow,,,10/20/2019,Installed,1/17/2024,,121I1550W90204XI,AJVYBE,,,,Network Adapter,asset0164,Other Software,Test,,,
854J8158E75686SC,Harware,SAN Feed,,,5/27/2022,Installed,3/15/2024,,968Z6161K16058ZC,TPRDJI,,,,Workstations,asset0497,Other Software,Test,,,
601E7007S34885ES,Network-FM,Manual Entry,,,10/16/2020,Retired,2/8/2024,,460Z6027W97905NK,UUYQAG,,,,IP Address,asset0548,Other Software,Production,,,
873M9322V47366AD,Network-FM,SAN Feed,,,11/12/2018,Installed,3/20/2024,,760X6783E49212ST,NGQFDG,,,,IP Address,asset0339,AWS,Acceptance,,,
131Y6461Z23026TW,,ServiceNow,,,12/19/2022,Installed,1/20/2024,,410M7815G77241MM,VLKDEV,,,,Cloud Function,asset0198,Application Servers,Test,,,
205E5379L17090AC,,ServiceNow,,,2/20/2019,Installed,1/31/2024,,482Q8262K44718RT,HGOAHG,,,,IP Address,asset0569,Compute and OS,Contingency,,,
913O6976R79640ZW,Database Management System,AWS,,,3/8/2021,Installed,1/23/2024,,965O7446R75233LS,BKRUHX,,,,Workstations,asset0322,AWS,Development,,,
350B1491F49262MH,,AWS,,,9/11/2021,Installed,2/1/2024,,574I4073V28650AX,UAWGGI,,,,Workstations,asset0570,,Test,,,
223K6633C33961XI,,Manual Entry,,,7/22/2019,Installed,3/28/2024,,965L7015E65691PA,DACAPH,,,,SNC Component,asset0828,AWS,Contingency,,,
598K8653Q83672UO,Database Management System,Manual Entry,,,8/4/2020,Installed,2/28/2024,,944A2596Q41779ZJ,ZKIIYI,,,,VMWare Virtual Machine,asset0552,,Acceptance,,,
417D4070S94921WU,Database Management System,ServiceNow,,,6/18/2019,Installed,3/23/2024,,767N8974B50707KT,VKYVGW,,,,Fibre Channel Port,asset0077,Network,Test,,,
763F2846T27854GP,Network-FM,Manual Entry,,,6/13/2020,Installed,2/9/2024,,958E2649B72564FS,ZFGZPE,,,,Cloud Function,asset0423,AWS,Test,,,
676K5955Y51787GX,Network-FM,AWS,,,6/16/2022,Retired,3/15/2024,,622L4849S10817FL,CGPTUP,,,,Workstations,asset0421,Other Software,Test,,,
458Q9510O94655EC,,SAN Feed,,,6/28/2023,Retired,3/14/2024,,891J8412K59015VT,OZTKVX,,,,Network Adapter,asset0152,,Acceptance,,,
734N1668Z88420BE,Network-FM,Manual Entry,,,2/18/2018,Installed,2/13/2024,,501W6405T81774DI,ECQMUA,,,,Workstations,asset0512,Other Software,Test,,,
155C7356M44120DT,Database Management System,SAN Feed,,,3/15/2024,Retired,4/1/2024,,418N8302F21708IS,YUWDFL,,,,Fibre Channel Port,asset0803,Other Software,Development,,,
704N3643W70795BX,,Manual Entry,test.com,example.test.com,11/12/2021,Installed,1/12/2024,,144P2568Z39941AA,ZYWYGY,,,,VMWare Virtual Machine,asset0521,,,,,
310F9103X74176VH,,Manual Entry,test.com,example.test.com,6/21/2019,Installed,1/29/2024,,252O1780B45800QR,KSVRZV,,,,SNC Component,asset0100,,,,,
651Q1378T95620EQ,Harware,ServiceNow,test.com,example.test.com,2/11/2021,Installed,4/1/2024,,541U3784J67672FJ,NQIGCO,,,,Fibre Channel Port,asset0210,AWS,Acceptance,,,
661W7246W20253JC,,SAN Feed,,,10/3/2019,Retired,2/14/2024,,104I6111V66134LC,MHKCDL,,,,Network Adapter,asset0693,,Contingency,,,
514O4008C79308DQ,,ServiceNow,test.com,example.test.com,5/6/2018,Installed,3/15/2024,,912V3606V43860VF,IFQZPY,,,,Fibre Channel Port,asset0616,,Acceptance,,,
335S4081M62894ZM,,SAN Feed,,,8/13/2020,Installed,2/15/2024,,527C2121Q77343XI,VBCRJW,,,,Fibre Channel Port,asset0956,,Acceptance,,,
237C8566K73045KY,,Manual Entry,,,1/1/2020,Installed,3/20/2024,,596S1799N14774DZ,RNJKKX,,,,IP Address,asset0625,AWS,Production,,,
682M3681D51849LM,Network-FM,SAN Feed,,,5/28/2021,Retired,1/8/2024,,926P8348S16412YC,SJDYLL,,,,Network Adapter,asset0762,AWS,Production,,,
254B3516T27804OR,,ServiceNow,,,8/9/2018,Installed,1/1/2024,,211K3318Z25366QO,SLRCGH,,,,VMWare Virtual Machine,asset0212,AWS,Test,,,
367S1327N13212KC,Network-FM,SAN Feed,,,2/10/2020,Installed,2/20/2024,,714I2692E69130ZG,ZUQZPK,,,,Fibre Channel Port,asset0081,AWS,Production,,,
144O7622R26575FB,Harware,ServiceNow,test.com,example.test.com,3/14/2022,Installed,3/18/2024,,818Y2696Q14775QO,HXTCMD,,,,Fibre Channel Port,asset0782,,Production,,,
788D8548E18185FE,Harware,SAN Feed,,,8/8/2020,Installed,3/17/2024,,456Z1369N34865RZ,BJJLYE,,,,Cloud Function,asset0318,Network,,,,
334M5599L33018GT,,AWS,,,11/17/2021,Installed,3/12/2024,,843N8772A12852WI,CQFWIU,,,,Workstations,asset0864,Application Servers,Production,,,
762N2970L86839PJ,Harware,ServiceNow,,,10/5/2022,Installed,3/29/2024,,749V9307K63812ID,GSBGEP,,,,Cloud Function,asset0873,AWS,Acceptance,,,
949E9865G79459OV,Network-FM,SAN Feed,,,8/23/2023,Retired,1/4/2024,,559R2591J93665PN,NLXTLG,,,,Workstations,asset0892,Network,Development,,,
315U7808H60118SV,,AWS,,,8/25/2023,Installed,2/18/2024,,487S4957A30373DW,QRCZNW,,,,Network Adapter,asset0257,Other Software,,,,
515W3887B79824OL,,SAN Feed,,,6/3/2019,Installed,1/24/2024,,102B4800Y52736VD,FBYIOC,,,,Network Adapter,asset0140,Application Servers,Test,,,
451O8844L91502FP,,Manual Entry,,,7/18/2023,Installed,1/17/2024,,843N5164D48536BN,REEIRO,,,,VMWare Virtual Machine,asset0268,AWS,Production,,,
291R9149O21288ZB,Network-FM,ServiceNow,,,11/7/2018,Installed,3/2/2024,,707G8034S55124WF,UUMHIC,,,,Workstations,asset0702,AWS,Development,,,
421V7251H13008GJ,,AWS,,,11/9/2019,Retired,2/25/2024,,204F8313P20316VV,UIFGQR,,,,Workstations,asset0367,Compute and OS,Development,,,
332U3149U49709CZ,,ServiceNow,,,2/27/2020,Installed,3/2/2024,,207L2483E77350SF,WQGPPC,,,,Fibre Channel Port,asset0399,Application Servers,Acceptance,,,
856A1671W34852RK,,Manual Entry,,,3/14/2020,Installed,3/17/2024,,372T8558E30596GF,AFWCNQ,,,,IP Address,asset0095,AWS,Test,,,
148V6778T41294OW,,ServiceNow,,,12/13/2020,Retired,2/20/2024,,297Q9732H98808UP,ZNQZCA,,,,Cloud Function,asset0111,Network,,,,
449O9901T16772VE,,SAN Feed,,,5/30/2020,Installed,1/31/2024,,560S1487I42049KM,IXYDKM,,,,Workstations,asset0411,,Development,,,
627J1362L76968LH,Database Management System,Manual Entry,,,2/11/2018,Retired,1/1/2024,,835U3226T81699RE,IHLCBH,,,,Fibre Channel Port,asset0609,Other Software,Test,,,
497J6719U32040WE,Database Management System,AWS,,,3/28/2021,Installed,2/13/2024,,466X4004I99514XZ,MZZCQI,,,,Workstations,asset0863,Compute and OS,Production,,,
189B1853D64954CK,Database Management System,Manual Entry,,,5/5/2022,Retired,3/14/2024,,617Y7748A29726QT,XOZIYK,,,,VMWare Virtual Machine,asset0055,,Production,,,
932D8574S94139US,,AWS,,,10/1/2019,Installed,3/15/2024,,151P9998C92539CG,ILFEON,,,,Fibre Channel Port,asset0530,AWS,Production,,,
463M2198D61123XK,,Manual Entry,test.com,example.test.com,5/30/2019,Installed,2/24/2024,,789N6713Z81746GZ,AYGCHY,,,,VMWare Virtual Machine,asset0087,Other Software,Acceptance,,,
986C6941S85309YV,,SAN Feed,,,1/12/2020,Retired,2/12/2024,,205E5291V64383CG,HZACFL,,,,Fibre Channel Port,asset0504,Network,Acceptance,,,
648N9980J84390VW,Harware,Manual Entry,,,2/6/2024,Installed,2/23/2024,,338R3535V97930EQ,OTROXH,,,,IP Address,asset0908,Application Servers,Contingency,,,
501W8869P26822XR,,Manual Entry,,,11/11/2018,Retired,3/30/2024,,299Y9303K11631HO,HXTMDP,,,,Workstations,asset0184,,Contingency,,,
426Y9290I29284IH,,Manual Entry,,,8/7/2023,Installed,3/17/2024,,374Y8442T17826PV,LVFTGG,,,,VMWare Virtual Machine,asset0189,Application Servers,Acceptance,,,
693X1166D32181VE,Network-FM,ServiceNow,,,7/2/2022,Retired,1/22/2024,,802V4767M65048HU,TQUAZK,,,,Fibre Channel Port,asset0378,Compute and OS,Development,,,
756N8075S91220CH,,AWS,,,8/3/2022,Installed,2/14/2024,,964T8251G23642SH,VPBYCR,,,,Fibre Channel Port,asset0556,Other Software,Test,,,
686Z7356V99293RY,,Manual Entry,,,9/6/2022,Retired,2/14/2024,,907M1459S80970LJ,MCMSFC,,,,Workstations,asset0679,AWS,Contingency,,,
917L5951P99127NP,,Manual Entry,,,3/6/2022,Retired,2/29/2024,,530H4627K88901BG,PCDVVE,,,,Network Adapter,asset0905,AWS,Development,,,
872D1859H64952GD,Network-FM,SAN Feed,,,11/3/2021,Installed,2/1/2024,,145U3791V12424UJ,OKGYNO,,,,Cloud Function,asset0911,Network,Acceptance,,,
114S5938W16058VD,,SAN Feed,,,11/3/2019,Installed,1/15/2024,,303Q9293E84172WL,RBPYFJ,,,,Cloud Function,asset0574,,Contingency,,,
916N5686C69395XG,,Manual Entry,,,2/8/2023,Retired,1/9/2024,,934K4649S93472TA,NETLSZ,,,,Workstations,asset0877,Other Software,Development,,,
989T4014F61605MU,,AWS,test.com,example.test.com,6/7/2022,Retired,1/26/2024,,447V1505Z38630QM,OSMHQF,,,,Fibre Channel Port,asset0946,,,,,
680S6866H16508BF,Network-FM,ServiceNow,,,1/27/2023,Installed,1/2/2024,,386B5223I11888KU,BENSQK,,,,IP Address,asset0568,AWS,Acceptance,,,
183R6494Z75862FM,,ServiceNow,,,10/15/2021,Installed,1/19/2024,,649F6858U74272XP,IIRRGM,,,,VMWare Virtual Machine,asset0993,Other Software,Production,,,
425L6536H79112UN,Network-FM,Manual Entry,,,8/6/2019,Installed,3/22/2024,,673V2958B43296RX,TYXSDG,,,,IP Address,asset0727,,Test,,,
810N7428M35190BE,Database Management System,Manual Entry,,,3/27/2019,Installed,2/26/2024,,816Q8820U48582PN,MBHUMU,,,,Workstations,asset0362,Compute and OS,Contingency,,,
107R5467C91748KE,Harware,Manual Entry,,,6/20/2019,Installed,1/6/2024,,952A5171W56508CW,UZPDYA,,,,Network Adapter,asset0800,AWS,Development,,,
733A4929L61877DE,,SAN Feed,,,7/28/2021,Installed,3/9/2024,,306T5277A37948AW,NTAPAF,,,,SNC Component,asset0676,,Contingency,,,
535O8506O78618PU,Network-FM,ServiceNow,,,3/24/2023,Installed,2/13/2024,,602O8870P49092NM,ANREHC,,,,VMWare Virtual Machine,asset0898,AWS,Contingency,,,
531X1182J83017UJ,,Manual Entry,,,10/14/2019,Retired,3/15/2024,,655R7254P18260WC,FNSFJJ,,,,Workstations,asset0889,Other Software,Production,,,
316B4729H22664WP,,AWS,,,5/17/2022,Installed,1/15/2024,,697B1605Z86651KF,OMKKYO,,,,Cloud Function,asset0783,Compute and OS,Contingency,,,
709D7695F19216IK,,ServiceNow,,,12/31/2020,Installed,3/24/2024,,606E1061H41452RH,TBTZEP,,,,Network Adapter,asset0088,Application Servers,Production,,,
410R4372V37444AC,Network-FM,SAN Feed,,,6/11/2023,Installed,3/27/2024,,560J4721Q91652UL,MPKSWP,,,,Fibre Channel Port,asset0837,Network,Contingency,,,
481F1281L48919ES,,Manual Entry,,,5/3/2020,Installed,1/27/2024,,347H8106S36417HM,JESTHY,,,,Workstations,asset0717,AWS,,,,
978Q4166W86583BS,,ServiceNow,test.com,example.test.com,11/24/2018,Installed,3/4/2024,,245V2389Z53768NV,WNOUOI,,,,Workstations,asset0294,Compute and OS,Production,,,
849O1126O85560VI,,ServiceNow,,,2/24/2024,Installed,3/16/2024,,529J9912F45182MB,GROWQP,,,,IP Address,asset0783,AWS,Contingency,,,
724P2217Y75023ZT,,Manual Entry,,,2/22/2019,Installed,3/20/2024,,870I2096L82568IH,KFYQUE,,,,IP Address,asset0223,AWS,Contingency,,,
571X2284V75144JH,,ServiceNow,,,10/13/2022,Installed,3/18/2024,,863M6069L46265NG,BMZGKL,,,,VMWare Virtual Machine,asset0247,Other Software,Acceptance,,,
886O1204I31380LO,,ServiceNow,,,4/2/2023,Installed,3/3/2024,,716D9021M76411AP,DNASDW,,,,SNC Component,asset0175,AWS,Contingency,,,
991V3221O49672DK,Harware,ServiceNow,test.com,example.test.com,8/7/2022,Installed,2/26/2024,,546I4808U75217RV,XLAEME,,,,VMWare Virtual Machine,asset0546,,Production,,,
187Q3136S29859VA,Harware,ServiceNow,,,3/21/2023,Installed,3/9/2024,,871D2436Z56899JT,CAQFWA,,,,VMWare Virtual Machine,asset0836,Compute and OS,,,,
895R3885F76486WL,,AWS,,,12/12/2018,Installed,1/9/2024,,157L6796Y95467YQ,KFAZKZ,,,,VMWare Virtual Machine,asset0916,Compute and OS,Acceptance,,,
201I5461L55509SH,Network-FM,ServiceNow,,,1/11/2024,Installed,3/7/2024,,910G9154E23163UH,VRNXBB,,,,Cloud Function,asset0449,,Development,,,
948S9902Y38781GP,Harware,ServiceNow,,,1/24/2020,Installed,2/21/2024,,435C6827S79916KR,VBDVBA,,,,VMWare Virtual Machine,asset0472,,Acceptance,,,
709A4067W74638WY,,Manual Entry,test.com,example.test.com,1/14/2021,Installed,1/26/2024,,553H8041M76010MS,HFICMU,,,,SNC Component,asset0088,AWS,Production,,,
514Z3425Q56042ZM,Harware,Manual Entry,,,11/18/2019,Installed,3/3/2024,,326P8595H80150EM,HWWMEV,,,,Workstations,asset0564,Other Software,Acceptance,,,
882S3777L80820UD,,AWS,,,11/20/2023,Installed,1/19/2024,,863M7460M19000OJ,DMBMHE,,,,Fibre Channel Port,asset0197,,Development,,,
579E3394R85192RP,Database Management System,Manual Entry,,,8/30/2020,Installed,1/29/2024,,950J8309W18985RW,DDPSVJ,,,,SNC Component,asset0267,Other Software,Development,,,
743M8720O23443YN,Harware,Manual Entry,,,2/3/2023,Installed,2/14/2024,,955T5471O86979FQ,JMZTLO,,,,Workstations,asset0466,Other Software,Production,,,
405S1682J32885TY,Network-FM,Manual Entry,,,10/13/2023,Installed,2/2/2024,,754R8205S16055VA,CJAVVJ,,,,VMWare Virtual Machine,asset0149,Application Servers,Production,,,
975I1315O98497TK,Harware,AWS,,,3/26/2018,Installed,3/18/2024,,906F7602G48192WL,EQWWLE,,,,VMWare Virtual Machine,asset0518,Network,Acceptance,,,
824B1151R52069BX,Database Management System,Manual Entry,test.com,example.test.com,11/10/2021,Installed,2/7/2024,,292U5041F88323NA,POMZKG,,,,Cloud Function,asset0694,Compute and OS,Contingency,,,
244H6275V31356KF,,AWS,,,4/16/2018,Retired,3/26/2024,,112B6768Z57182WI,YWLPWJ,,,,SNC Component,asset0086,AWS,Test,,,
557E4627W74942IA,Network-FM,Manual Entry,,,3/10/2024,Installed,1/14/2024,,956R8713J20792GK,NDJMML,,,,Workstations,asset0306,AWS,Development,,,
222U5516K90313FE,,SAN Feed,test.com,example.test.com,4/1/2023,Installed,1/17/2024,,112A5018W29725QK,VQWQKD,,,,Cloud Function,asset0275,Application Servers,Acceptance,,,
597R3620R46430LI,,ServiceNow,,,2/9/2019,Installed,2/8/2024,,816M6413B90791ZR,FDOVBY,,,,IP Address,asset0063,Compute and OS,Development,,,
102C2197V97200ZB,Database Management System,ServiceNow,,,6/29/2021,Installed,3/19/2024,,532W6658C54000CJ,SQOMMJ,,,,SNC Component,asset0425,Application Servers,Development,,,
662Z8131B79663HU,,ServiceNow,,,6/3/2018,Retired,2/24/2024,,278A4472K69090CG,LZOTZU,,,,IP Address,asset0394,Compute and OS,Contingency,,,
440Y5491R80308OW,Database Management System,Manual Entry,,,8/3/2020,Retired,2/6/2024,,732Z1973A57694AB,KSZXTB,,,,Fibre Channel Port,asset0126,,Production,,,
558P8915A67353AG,Harware,ServiceNow,,,12/26/2021,Installed,1/26/2024,,254B5862N92675XD,PKLIWQ,,,,IP Address,asset0285,Network,,,,
208L1218O46676WS,,ServiceNow,,,9/19/2019,Installed,1/5/2024,,514D4697X14643UF,HCMVDM,,,,Workstations,asset0367,Compute and OS,Development,,,
363Z7155A69883EN,,ServiceNow,,,1/6/2021,Installed,2/21/2024,,160C3311D86736SE,UPJBPC,,,,IP Address,asset0129,AWS,,,,
661W8348K98828RN,,Manual Entry,,,1/10/2018,Installed,2/23/2024,,160A6597R18124IU,UQHJOZ,,,,Cloud Function,asset0149,Application Servers,Acceptance,,,
583C1400Q72410VK,,ServiceNow,,,9/9/2021,Installed,3/18/2024,,990T7059Y88642YV,HFXPCB,,,,Cloud Function,asset0523,,Contingency,,,
702G4240P28187RJ,Database Management System,AWS,,,3/17/2018,Installed,3/5/2024,,211M1764Q99123DG,AMLKAT,,,,Fibre Channel Port,asset0778,,,,,
604Z8119M96659UV,,SAN Feed,,,3/11/2020,Installed,2/20/2024,,254S1108I51185WY,HYMWEJ,,,,Fibre Channel Port,asset0958,Network,,,,
798Z6358U58536FN,,Manual Entry,,,4/30/2020,Retired,3/24/2024,,990M2225C75376FJ,FYMUNU,,,,Network Adapter,asset0940,AWS,Development,,,
186B1794W14279XY,,Manual Entry,,,9/15/2023,Retired,3/20/2024,,248Z4938X37096TD,KXGXWS,,,,Fibre Channel Port,asset0560,AWS,Development,,,
718L7758Q94016LZ,Network-FM,Manual Entry,,,8/28/2018,Installed,2/24/2024,,137K5647D38360IM,RDMKHV,,,,Workstations,asset0187,AWS,,,,
559F1092L56273RE,,SAN Feed,,,7/21/2023,Installed,2/9/2024,,703N1892X52358VZ,ELFNIE,,,,Workstations,asset0690,,Test,,,
568H8316G34882BQ,Database Management System,SAN Feed,,,1/16/2021,Installed,3/10/2024,,164L1467F26102PQ,PZUQUS,,,,SNC Component,asset0055,Application Servers,,,,
574E1536A27856WG,Database Management System,ServiceNow,,,6/25/2022,Installed,1/24/2024,,696F2165X54822KF,PNZZFZ,,,,Network Adapter,asset0363,AWS,Development,,,
220H2913Y97057ZT,,SAN Feed,,,4/28/2020,Installed,2/24/2024,,393S4892E28556FL,HFYUXE,,,,Workstations,asset0421,AWS,Development,,,
934L6102A71237MP,,ServiceNow,test.com,example.test.com,11/29/2018,Installed,3/19/2024,,586M8212J32692PF,NGYADW,,,,Fibre Channel Port,asset0535,Other Software,Production,,,
707A8193U40372UN,,ServiceNow,,,5/28/2022,Installed,2/15/2024,,764V6450X26537TA,AFUXHF,,,,Cloud Function,asset0936,Network,Development,,,
882Y2837B38827EA,,SAN Feed,,,2/11/2024,Installed,3/2/2024,,817I1257M38851MN,IGTIIO,,,,Workstations,asset0159,AWS,Acceptance,,,
907Y4068J22930AR,,Manual Entry,,,4/16/2018,Installed,2/14/2024,,438B4348O60550DB,DEDPRG,,,,SNC Component,asset0333,Network,Test,,,
867H4597C55060YH,Network-FM,Manual Entry,test.com,example.test.com,9/13/2021,Retired,3/25/2024,,357P1208K56770ZO,BCZCPF,,,,Cloud Function,asset0726,AWS,Production,,,
527X7508B63723HT,Harware,SAN Feed,test.com,example.test.com,3/20/2023,Installed,1/23/2024,,796V8914L76365PB,KVCPAL,,,,Fibre Channel Port,asset0257,Other Software,Contingency,,,
920G4026L95747FY,Harware,ServiceNow,,,8/9/2022,Installed,1/8/2024,,683P6061D86026XX,EDJOTK,,,,VMWare Virtual Machine,asset0405,AWS,Contingency,,,
693Z5907V61361SC,Harware,Manual Entry,,,7/8/2021,Installed,1/4/2024,,833Q7532V75907NF,NPPWDO,,,,Fibre Channel Port,asset0594,Other Software,Development,,,
691N6705O52198FA,,SAN Feed,,,3/6/2021,Installed,3/10/2024,,587X1753C49630RY,CLSROA,,,,IP Address,asset0156,Other Software,Acceptance,,,
453S9306U55653NP,,SAN Feed,,,6/27/2019,Installed,1/20/2024,,442I9780L33217ZI,SXZXRF,,,,VMWare Virtual Machine,asset0426,Network,Test,,,
765N6376D39199HX,,Manual Entry,,,12/24/2020,Installed,3/26/2024,,420H9462R55775RZ,ORBCAW,,,,Network Adapter,asset0407,Application Servers,Test,,,
490U1040L34499YF,,SAN Feed,,,5/24/2020,Installed,3/16/2024,,939K6403C11613NJ,OEXGHI,,,,Fibre Channel Port,asset0731,AWS,Test,,,
164P5540P31291HA,,ServiceNow,,,8/7/2019,Installed,1/3/2024,,913O9988X43100AY,QJDJXY,,,,Workstations,asset0571,Network,Acceptance,,,
456T9261V72585ZE,,SAN Feed,,,4/17/2021,Retired,3/25/2024,,569B7086X69543XL,ECMRVH,,,,Workstations,asset0699,AWS,Production,,,
340B5401Y29914PJ,,SAN Feed,,,6/19/2022,Installed,2/5/2024,,113S8482M18790KI,KCNRRU,,,,IP Address,asset0354,Compute and OS,Acceptance,,,
826E8466Z86625NX,Harware,AWS,test.com,example.test.com,10/30/2019,Installed,3/24/2024,,971K1935U38575WN,UAPRRE,,,,Cloud Function,asset0776,AWS,Test,,,
430Y5347X63626WZ,Harware,SAN Feed,,,11/2/2021,Installed,1/29/2024,,223X9619J13904KL,UZKYRN,,,,IP Address,asset0297,Application Servers,Production,,,
897L9462E52904CY,,Manual Entry,,,4/30/2018,Installed,1/22/2024,,280A5955Q75312BZ,ILRCGP,,,,Cloud Function,asset0307,Other Software,Production,,,
365B8971A33375QG,,Manual Entry,,,7/27/2020,Retired,1/10/2024,,665A2193L55252JU,BJDKQW,,,,Network Adapter,asset0707,Compute and OS,Production,,,
464L4081R78826FG,Harware,ServiceNow,,,8/20/2023,Retired,1/21/2024,,306K8293Z83901UZ,VNJQGV,,,,SNC Component,asset0766,AWS,Acceptance,,,
939X7549D14553EA,,ServiceNow,,,5/3/2023,Installed,2/4/2024,,782Q9655K66900VT,OLHVQV,,,,Network Adapter,asset0943,,Contingency,,,
215E5411D42327HX,Database Management System,ServiceNow,,,5/27/2019,Installed,2/4/2024,,309U6410B53332EL,JTKWEH,,,,Cloud Function,asset0530,Compute and OS,Production,,,
587A5071E71717OB,Database Management System,ServiceNow,,,3/9/2022,Installed,1/26/2024,,401G5215Q66933IW,KNNYBM,,,,Network Adapter,asset0983,Network,Test,,,
813B2133T47247RX,Database Management System,AWS,,,4/12/2019,Installed,2/12/2024,,399U7539K92214CD,NPZUHK,,,,VMWare Virtual Machine,asset0257,Application Servers,,,,
656X7892K45113KF,,Manual Entry,,,1/27/2021,Installed,1/24/2024,,724D6867T27439RY,LGCWHL,,,,Cloud Function,asset0459,AWS,,,,
834Q3187J32030IG,,ServiceNow,,,9/14/2023,Installed,3/13/2024,,512C5868L62527ED,JQMUBH,,,,SNC Component,asset0932,AWS,,,,
589O4975J98387FH,Network-FM,Manual Entry,test.com,example.test.com,2/8/2024,Installed,3/28/2024,,744M3340L51420LG,NPNJCT,,,,IP Address,asset0294,Other Software,Acceptance,,,
407E7963G66735NA,,ServiceNow,,,5/25/2020,Installed,3/13/2024,,538G2189R51940IW,ODPASB,,,,VMWare Virtual Machine,asset0157,AWS,,,,
159L9085W25757AR,,Manual Entry,,,8/1/2019,Retired,3/5/2024,,413M6943D26060TP,ZYGWUH,,,,SNC Component,asset0434,,Test,,,
554J1093H40761QP,,Manual Entry,,,6/10/2023,Retired,3/2/2024,,499Q6501Y83396ZO,SISHZA,,,,IP Address,asset0500,Other Software,Development,,,
648L4243D68299HB,Network-FM,Manual Entry,,,4/26/2020,Retired,2/4/2024,,217M2968J96837AN,LNWAGK,,,,Network Adapter,asset0880,Network,Test,,,
731Y4132S58075XB,Network-FM,ServiceNow,,,3/16/2024,Installed,2/5/2024,,907H8004Q70126ZL,PGAVVP,,,,IP Address,asset0942,AWS,Contingency,,,
255A3318T32124WT,Harware,Manual Entry,test.com,example.test.com,2/27/2018,Retired,1/11/2024,,397D1604O68553TA,BISOCG,,,,Workstations,asset0333,Compute and OS,Acceptance,,,
239F4786R88796ER,Network-FM,AWS,test.com,example.test.com,1/31/2021,Installed,3/31/2024,,126S9604A10269XG,LMHWJK,,,,Network Adapter,asset0339,Compute and OS,Contingency,,,
748D6480T46730IE,,SAN Feed,,,6/6/2020,Retired,2/2/2024,,494L2864C30495XB,FCMCZW,,,,Fibre Channel Port,asset0265,Network,Acceptance,,,
115W7642N33179QH,,SAN Feed,,,8/9/2020,Retired,3/19/2024,,311Y7243O27553BD,BJJMVR,,,,IP Address,asset0771,Other Software,Test,,,
860U9315U15210IL,Network-FM,AWS,,,7/28/2023,Installed,3/20/2024,,729F3602G99660PI,FKZAEF,,,,Workstations,asset0021,Compute and OS,Contingency,,,
819T3781F56201DT,Database Management System,Manual Entry,,,6/24/2020,Installed,2/28/2024,,824U5152F74144DJ,CUMDZR,,,,Workstations,asset0977,,Contingency,,,
615D2956E92994WX,Database Management System,Manual Entry,,,4/3/2021,Installed,2/25/2024,,251O8691C22353UQ,UWCJFL,,,,Fibre Channel Port,asset0829,AWS,Acceptance,,,
168I3246A73136YW,,ServiceNow,,,9/19/2023,Retired,3/8/2024,,525K4837M57271PW,VQSQWL,,,,Fibre Channel Port,asset0181,Other Software,Acceptance,,,
503B1614T94521OL,Network-FM,ServiceNow,,,2/6/2021,Installed,3/21/2024,,244Z9364X18738VS,ZDSBCD,,,,Network Adapter,asset0029,AWS,,,,
750W5050Z18687ZV,,SAN Feed,,,12/17/2020,Installed,2/15/2024,,691M4984Y42253CD,EIPDOM,,,,SNC Component,asset0056,Application Servers,Development,,,
636R7879N36909AK,Harware,Manual Entry,,,10/24/2023,Installed,3/21/2024,,617U5232I86437FR,FYFCIZ,,,,Fibre Channel Port,asset0963,Other Software,Contingency,,,
934O9123R88888VN,Network-FM,ServiceNow,,,5/18/2023,Retired,2/29/2024,,852H8825Y57111QX,DDDSSC,,,,Workstations,asset0124,,Test,,,
303H7130S86416SB,,SAN Feed,,,9/17/2019,Installed,1/16/2024,,572H1165A59443RO,YDKEZS,,,,VMWare Virtual Machine,asset0556,AWS,Test,,,
385X5857X30087UX,Harware,Manual Entry,,,2/9/2018,Installed,2/2/2024,,665G2586W94698KE,WBCTXM,,,,Cloud Function,asset0128,Compute and OS,Contingency,,,
720G2756R11993JI,Network-FM,ServiceNow,,,10/2/2021,Installed,3/8/2024,,238W3415I92230MM,AVAAIO,,,,IP Address,asset0737,Application Servers,Production,,,
604J4413W23795UL,Network-FM,ServiceNow,,,12/7/2020,Retired,2/16/2024,,558J6361D83753IO,IFLVTM,,,,Network Adapter,asset0027,AWS,Development,,,
972I5097W78217OA,Harware,ServiceNow,,,5/12/2023,Installed,1/18/2024,,601X8404I22717TZ,YVJKZT,,,,IP Address,asset0770,AWS,Development,,,
559S1546J17789DI,,ServiceNow,,,8/23/2021,Installed,2/12/2024,,734M7220F66535RM,NVUMEQ,,,,IP Address,asset0157,AWS,Acceptance,,,
631Z5256F66010VN,,SAN Feed,,,1/28/2024,Retired,2/6/2024,,897Q4177M76696ZF,IZJGXD,,,,VMWare Virtual Machine,asset0333,,Test,,,
686U2466R38930OI,,Manual Entry,,,1/11/2019,Retired,1/5/2024,,535A2835Y69450LD,EYVCZD,,,,IP Address,asset0122,Compute and OS,Production,,,
446M2696K31194XA,Network-FM,AWS,test.com,example.test.com,5/18/2019,Retired,3/1/2024,,275H5848L13968YM,RJCMGS,,,,Fibre Channel Port,asset0449,,Development,,,
679K8739H37139RP,Database Management System,ServiceNow,test.com,example.test.com,4/8/2019,Installed,3/12/2024,,921N5837F51890JN,QIYYCZ,,,,Cloud Function,asset0297,Application Servers,Production,,,
647L7475X11859JR,,ServiceNow,test.com,example.test.com,12/4/2021,Installed,1/12/2024,,860L2660T55478VR,JGZIQJ,,,,VMWare Virtual Machine,asset0034,,Production,,,
667J8521L92686VJ,,SAN Feed,,,4/3/2021,Retired,2/17/2024,,494G9220F37962TY,PHFFRN,,,,IP Address,asset0950,Network,Production,,,
531J4542R78273JI,,Manual Entry,,,1/14/2021,Installed,3/26/2024,,653M1534T80255LW,DKMPKK,,,,Fibre Channel Port,asset0731,Application Servers,Production,,,
818Q5011Y33793UO,Network-FM,Manual Entry,,,10/4/2021,Installed,2/22/2024,,715M3426E17954HH,GRMPGL,,,,Cloud Function,asset0923,Other Software,,,,
437O1623O63273LR,,ServiceNow,,,5/9/2021,Installed,3/13/2024,,591Z3135N94822BI,DMAYRX,,,,SNC Component,asset0665,Other Software,Acceptance,,,
593Z6780Q27610CL,,Manual Entry,,,6/14/2020,Retired,3/22/2024,,632V7892L60569EM,GCSGSK,,,,Network Adapter,asset0378,Network,Contingency,,,
558G7109L54627UO,,Manual Entry,,,7/28/2021,Retired,3/4/2024,,385G4636G50293UG,VNLFEW,,,,VMWare Virtual Machine,asset0473,Other Software,Acceptance,,,
887V8182J43257EL,,ServiceNow,,,6/1/2021,Installed,1/26/2024,,633W9603E46647UC,ITEPRS,,,,IP Address,asset0865,AWS,Acceptance,,,
131K9307J92994YZ,Harware,SAN Feed,,,5/18/2022,Retired,1/21/2024,,218Z3261B84973BV,RXXNSN,,,,Cloud Function,asset0229,Network,Production,,,
149A6091H68771BS,Network-FM,ServiceNow,,,4/8/2019,Installed,3/20/2024,,168D4811F65949VM,FHXKMM,,,,Fibre Channel Port,asset0177,AWS,Test,,,
